stock_id,StrategyRank,Chart,stock_name,industry_category,Rating,total_score,current_price,MA240,BiasRate,score_fill,score_roa,score_yield,cash_dividend,avg_yield,avg_fill_days,avg_roa,avg_core_ratio,price_date,RatingRank
5508,1,"<a href=""HighYield_V2_Charts/Chart_5508.html"" target=""_blank"">📊 View</a>",永信建,建材營造,Superior,6,61.2,101.06708333333333,-0.3944615993502665,3,0,3,8.682312,8.671023582501729,24.5,0,0,2026-01-29,2
7757,2,"<a href=""HighYield_V2_Charts/Chart_7757.html"" target=""_blank"">📊 View</a>",金色三麥,觀光餐旅,Superior,6,112.5,144.72083333333333,-0.22264129214291883,3,0,3,9.0,5.7324840764331215,1.0,0,0,2026-01-29,2
7805,3,"<a href=""HighYield_V2_Charts/Chart_7805.html"" target=""_blank"">📊 View</a>",威聯通,數位雲端類,Superior,6,563.0,700.0625,-0.19578609052763146,3,0,3,40.0,5.47945205479452,30.0,0,0,2026-01-29,2
7705,4,"<a href=""HighYield_V2_Charts/Chart_7705.html"" target=""_blank"">📊 View</a>",三商餐飲,觀光餐旅,Superior,6,40.15,49.91645833333334,-0.19565607535924617,3,0,3,3.5,5.292422086945014,13.0,0,0,2026-01-29,2
2387,5,"<a href=""HighYield_V2_Charts/Chart_2387.html"" target=""_blank"">📊 View</a>",精元,電腦及週邊設備業,Superior,6,38.1,47.221250000000005,-0.19315985917357129,3,0,3,3.1,6.305118774633748,29.25,0,0,2026-01-29,2
5546,6,"<a href=""HighYield_V2_Charts/Chart_5546.html"" target=""_blank"">📊 View</a>",永固-KY,建材營造,Superior,6,22.35,27.04375,-0.17356135890917487,3,0,3,3.777113643333333,6.1099377787580815,20.0,0,0,2026-01-29,2
7767,7,"<a href=""HighYield_V2_Charts/Chart_7767.html"" target=""_blank"">📊 View</a>",仁大資訊,資訊服務業,Superior,6,47.3,56.680625,-0.16549967471247895,3,0,3,3.0,5.1020408163265305,5.0,0,0,2026-01-29,2
8426,8,"<a href=""HighYield_V2_Charts/Chart_8426.html"" target=""_blank"">📊 View</a>",紅木-KY,其他,Superior,6,27.5,32.078541666666666,-0.1427291088928866,3,0,3,2.5,6.371916508538899,1.0,0,0,2026-01-29,2
4565,9,"<a href=""HighYield_V2_Charts/Chart_4565.html"" target=""_blank"">📊 View</a>",宏偉,電機機械,Superior,6,98.2,112.96708333333332,-0.13072023192596652,3,0,3,4.1,5.066701703964264,25.4,0,0,2026-01-29,2
8163,10,"<a href=""HighYield_V2_Charts/Chart_8163.html"" target=""_blank"">📊 View</a>",達方,電腦及週邊設備業,Superior,6,31.6,36.05104166666667,-0.12346499465456966,3,0,3,2.9,6.240495675489027,30.0,0,0,2026-01-29,2
6150,11,"<a href=""HighYield_V2_Charts/Chart_6150.html"" target=""_blank"">📊 View</a>",撼訊,電腦及週邊設備業,Superior,6,62.2,70.74041666666668,-0.12072895621904034,3,0,3,5.75,8.061534519364521,3.0,0,0,2026-01-29,2
6212,12,"<a href=""HighYield_V2_Charts/Chart_6212.html"" target=""_blank"">📊 View</a>",理銘,建材營造,Superior,6,38.0,42.82166666666667,-0.11259876230880018,3,0,3,3.3333333333333335,5.631875589287087,14.0,0,0,2026-01-29,2
6195,13,"<a href=""HighYield_V2_Charts/Chart_6195.html"" target=""_blank"">📊 View</a>",詩肯,居家生活類,Superior,6,25.25,28.094166666666663,-0.1012369115771363,3,0,3,3.04765063,6.584951823768982,25.0,0,0,2026-01-29,2
4440,14,"<a href=""HighYield_V2_Charts/Chart_4440.html"" target=""_blank"">📊 View</a>",宜新實業,紡織纖維,Superior,6,17.4,18.788958333333333,-0.07392417975983243,3,0,3,1.9600000000000002,5.4223634195116155,6.0,0,0,2026-01-29,2
5220,15,"<a href=""HighYield_V2_Charts/Chart_5220.html"" target=""_blank"">📊 View</a>",萬達光電,光電業,Superior,6,18.2,19.53916666666667,-0.06853755277860728,3,0,3,1.6800000000000002,5.342832349878515,13.0,0,0,2026-01-29,2
8481,16,"<a href=""HighYield_V2_Charts/Chart_8481.html"" target=""_blank"">📊 View</a>",政伸,其他,Superior,6,42.35,44.88916666666667,-0.05656524402695527,3,0,3,4.37,6.685788692273188,7.0,0,0,2026-01-29,2
4575,17,"<a href=""HighYield_V2_Charts/Chart_4575.html"" target=""_blank"">📊 View</a>",銓寶,電機機械,Superior,6,20.6,21.765625,-0.05355348169418515,3,0,3,1.35,5.327914382187791,11.0,0,0,2026-01-29,2
3227,18,"<a href=""HighYield_V2_Charts/Chart_3227.html"" target=""_blank"">📊 View</a>",原相,半導體業,Superior,6,208.5,220.03125,-0.0524073285044738,3,0,3,7.599863996000001,5.155162933113295,28.4,0,0,2026-01-29,2
6170,19,"<a href=""HighYield_V2_Charts/Chart_6170.html"" target=""_blank"">📊 View</a>",統振,通信網路業,Superior,6,48.95,50.938750000000006,-0.03904198669971295,3,0,3,2.1879999999999997,5.024472919852717,10.5,0,0,2026-01-29,2
3541,20,"<a href=""HighYield_V2_Charts/Chart_3541.html"" target=""_blank"">📊 View</a>",西柏,其他電子類,Superior,6,26.05,27.079166666666666,-0.03800584705339277,3,0,3,3.282678496666667,5.595643745543114,10.0,0,0,2026-01-29,2
5225,21,"<a href=""HighYield_V2_Charts/Chart_5225.html"" target=""_blank"">📊 View</a>",東科-KY,電子工業,Superior,6,100.5,104.27666666666667,-0.036217754051721424,3,0,3,5.152929745,5.634680918594168,4.333333333333333,0,0,2026-01-29,2
9962,22,"<a href=""HighYield_V2_Charts/Chart_9962.html"" target=""_blank"">📊 View</a>",有益,鋼鐵工業,Superior,6,11.85,12.232291666666667,-0.03125266115983994,3,0,3,1.125,6.30870565628658,25.0,0,0,2026-01-29,2
2707,23,"<a href=""HighYield_V2_Charts/Chart_2707.html"" target=""_blank"">📊 View</a>",晶華,觀光餐旅,Superior,6,189.0,195.05,-0.031017687772366118,3,0,3,10.306435275999998,5.008500128157786,18.5,0,0,2026-01-29,2
1713,24,"<a href=""HighYield_V2_Charts/Chart_1713.html"" target=""_blank"">📊 View</a>",國化,化學生技醫療,Superior,6,49.2,50.610625,-0.027872111834224455,3,0,3,2.282,5.045211832276516,18.25,0,0,2026-01-29,2
8024,25,"<a href=""HighYield_V2_Charts/Chart_8024.html"" target=""_blank"">📊 View</a>",佑華,半導體業,Superior,6,13.8,13.882708333333333,-0.0059576511547638255,3,0,3,1.7,7.323366508212338,17.0,0,0,2026-01-29,2
8422,26,"<a href=""HighYield_V2_Charts/Chart_8422.html"" target=""_blank"">📊 View</a>",可寧衛*,綠能環保,Unqualified,2,38.65,157.98604166666667,-0.7553581342233556,0,0,2,7.7906676379999995,4.135168681657786,272.6,0,0,2026-01-29,1
1442,27,"<a href=""HighYield_V2_Charts/Chart_1442.html"" target=""_blank"">📊 View</a>",名軒,建材營造,Unqualified,5,29.7,57.54666666666666,-0.48389712696941606,3,0,2,2.2600000000000002,4.905408982638937,17.75,0,0,2026-01-29,1
2245,28,"<a href=""HighYield_V2_Charts/Chart_2245.html"" target=""_blank"">📊 View</a>",詠勝昌*,電機機械,Unqualified,4,28.2,48.95541666666667,-0.42396568306196974,1,0,3,2.2,5.43451943436609,67.6,0,0,2026-01-29,1
2760,29,"<a href=""HighYield_V2_Charts/Chart_2760.html"" target=""_blank"">📊 View</a>",巨宇翔,觀光餐旅,Unqualified,5,30.0,49.10666666666667,-0.3890849850665219,3,0,2,3.317004563333333,4.390478516322756,13.5,0,0,2026-01-29,1
3056,30,"<a href=""HighYield_V2_Charts/Chart_3056.html"" target=""_blank"">📊 View</a>",富華新,建材營造,Unqualified,5,17.15,27.609166666666667,-0.3788294950348617,2,0,3,2.482,6.164088851264452,55.0,0,0,2026-01-29,1
9906,31,"<a href=""HighYield_V2_Charts/Chart_9906.html"" target=""_blank"">📊 View</a>",欣巴巴,建材營造,Unqualified,3,44.85,71.47916666666667,-0.3725444476828913,1,0,2,4.070835575,4.929491905333673,101.0,0,0,2026-01-29,1
8089,32,"<a href=""HighYield_V2_Charts/Chart_8089.html"" target=""_blank"">📊 View</a>",康全電訊,通信網路業,Unqualified,3,28.55,43.71520833333333,-0.34690920875172154,1,0,2,1.2331636875,4.444956591430254,66.66666666666667,0,0,2026-01-29,1
6219,33,"<a href=""HighYield_V2_Charts/Chart_6219.html"" target=""_blank"">📊 View</a>",富旺,建材營造,Unqualified,2,16.05,24.511458333333334,-0.3452041987165866,0,0,2,0.9833333333333334,4.506562966820977,268.0,0,0,2026-01-29,1
1436,34,"<a href=""HighYield_V2_Charts/Chart_1436.html"" target=""_blank"">📊 View</a>",華友聯,建材營造,Unqualified,4,61.2,93.19041666666666,-0.34328011195714864,1,0,3,5.343303756,6.120860653730524,118.5,0,0,2026-01-29,1
7770,35,"<a href=""HighYield_V2_Charts/Chart_7770.html"" target=""_blank"">📊 View</a>",君曜,半導體業,Unqualified,5,56.2,81.45,-0.3100061387354205,3,0,2,4.0,4.371584699453552,3.0,0,0,2026-01-29,1
7797,36,"<a href=""HighYield_V2_Charts/Chart_7797.html"" target=""_blank"">📊 View</a>",Q Burger,觀光餐旅,Unqualified,2,61.7,89.39291666666666,-0.30978871368443617,0,0,2,5.08230002,4.4193913217391305,,0,0,2026-01-29,1
2377,37,"<a href=""HighYield_V2_Charts/Chart_2377.html"" target=""_blank"">📊 View</a>",微星,電腦及週邊設備業,Unqualified,5,93.7,132.41375,-0.2923695613182165,3,0,2,6.720000000000001,4.749223808742408,27.75,0,0,2026-01-29,1
2520,38,"<a href=""HighYield_V2_Charts/Chart_2520.html"" target=""_blank"">📊 View</a>",冠德,建材營造,Unqualified,3,31.05,43.681875,-0.28917886423144606,0,0,3,2.3106327159999998,5.71086323134669,406.0,0,0,2026-01-29,1
1446,39,"<a href=""HighYield_V2_Charts/Chart_1446.html"" target=""_blank"">📊 View</a>",宏和,紡織纖維,Unqualified,5,17.3,23.99520833333333,-0.27902272155030944,3,0,2,1.35,4.9950552066842215,0.0,0,0,2026-01-29,1
2741,40,"<a href=""HighYield_V2_Charts/Chart_2741.html"" target=""_blank"">📊 View</a>",老四川,觀光餐旅,Unqualified,3,28.95,39.563541666666666,-0.2682657118032701,0,0,3,3.2,6.389917008379429,246.5,0,0,2026-01-29,1
2348,41,"<a href=""HighYield_V2_Charts/Chart_2348.html"" target=""_blank"">📊 View</a>",海悅,其他,Unqualified,3,78.9,107.32208333333332,-0.2648297764129003,0,0,3,6.9854096975,6.2515588658575165,210.33333333333334,0,0,2026-01-29,1
6189,42,"<a href=""HighYield_V2_Charts/Chart_6189.html"" target=""_blank"">📊 View</a>",豐藝,電子工業,Unqualified,4,44.65,60.412083333333335,-0.26090944830297474,1,0,3,3.447037262,6.354587484734149,116.0,0,0,2026-01-29,1
2938,43,"<a href=""HighYield_V2_Charts/Chart_2938.html"" target=""_blank"">📊 View</a>",床的世界,居家生活,Unqualified,3,23.2,31.297708333333333,-0.2587316696509995,0,0,3,2.65,6.048986987521721,223.0,0,0,2026-01-29,1
6028,44,"<a href=""HighYield_V2_Charts/Chart_6028.html"" target=""_blank"">📊 View</a>",公勝保經,金融業,Unqualified,3,98.5,131.34291666666667,-0.2500547231642361,0,0,3,4.5,5.997093136486865,145.25,0,0,2026-01-29,1
1565,45,"<a href=""HighYield_V2_Charts/Chart_1565.html"" target=""_blank"">📊 View</a>",精華,生技醫療業,Unqualified,3,114.5,152.30208333333334,-0.24820463716572058,0,0,3,11.4,5.030884031000374,151.66666666666666,0,0,2026-01-29,1
3158,46,"<a href=""HighYield_V2_Charts/Chart_3158.html"" target=""_blank"">📊 View</a>",嘉實,資訊服務業,Unqualified,5,89.9,118.75041666666667,-0.24295002473675525,2,0,3,4.779999999999999,5.58010394153078,35.4,0,0,2026-01-29,1
3557,47,"<a href=""HighYield_V2_Charts/Chart_3557.html"" target=""_blank"">📊 View</a>",嘉威,居家生活,Unqualified,2,34.9,45.90833333333333,-0.23978943546923218,0,0,2,3.307142857142857,4.750392649585346,231.8,0,0,2026-01-29,1
7782,48,"<a href=""HighYield_V2_Charts/Chart_7782.html"" target=""_blank"">📊 View</a>",光速火箭,居家生活類,Unqualified,3,28.2,37.0525,-0.23891775183860745,0,0,3,2.58126179,5.2678812040816325,,0,0,2026-01-29,1
6148,49,"<a href=""HighYield_V2_Charts/Chart_6148.html"" target=""_blank"">📊 View</a>",驊宏資,資訊服務業,Unqualified,2,37.35,48.88583333333334,-0.2359749757087091,0,0,2,1.028494662,4.185007288509142,127.2,0,0,2026-01-29,1
6546,50,"<a href=""HighYield_V2_Charts/Chart_6546.html"" target=""_blank"">📊 View</a>",正基,通信網路業,Unqualified,5,65.1,84.97166666666666,-0.23386226781476183,3,0,2,4.591391624,4.197595305002286,12.5,0,0,2026-01-29,1
4557,51,,永新-KY,汽車工業,Unqualified,4,71.0,91.86916666666666,-0.22716181526264698,1,0,3,5.5,5.531882371215119,79.25,0,0,2026-01-29,1
6538,52,,倉和,電子零組件業,Unqualified,4,67.3,87.04208333333332,-0.22681078597038784,2,0,2,5.361918806,4.645321883616053,38.25,0,0,2026-01-29,1
4164,53,,承業醫,生技醫療業,Unqualified,3,34.75,44.83708333333333,-0.22497188896839482,1,0,2,1.8683298699999997,4.094728923012166,79.75,0,0,2026-01-29,1
6276,54,,安鈦克,電腦及週邊設備業,Unqualified,2,35.3,45.20645833333334,-0.2191381209358915,0,0,2,1.742073445,4.781381131331744,340.3333333333333,0,0,2026-01-29,1
8482,55,,商億-KY,居家生活,Unqualified,3,47.85,61.01020833333334,-0.21570502204207634,0,0,3,4.71,6.474448181998933,521.0,0,0,2026-01-29,1
6807,56,,峰源-KY,居家生活,Unqualified,4,45.45,57.876875000000005,-0.21471226634126325,1,0,3,2.84,6.26128458258583,110.33333333333333,0,0,2026-01-29,1
3592,57,,瑞鼎,電子工業,Unqualified,4,238.0,302.80833333333334,-0.21402427277981123,1,0,3,26.78,7.440103310801151,84.0,0,0,2026-01-29,1
8359,58,,錢櫃,觀光餐旅,Unqualified,4,61.3,77.76583333333333,-0.2117360880420922,1,0,3,4.66,5.045190347230723,76.5,0,0,2026-01-29,1
6412,59,,群電,電子零組件業,Unqualified,3,83.3,105.27250000000001,-0.20872022607993548,0,0,3,5.42,5.401916691067315,177.0,0,0,2026-01-29,1
2545,60,,皇翔,建材營造,Unqualified,3,37.45,47.24583333333333,-0.20733750771672976,0,0,3,4.4399999999999995,9.02064712328401,290.0,0,0,2026-01-29,1
1475,61,,業旺,紡織纖維,Unqualified,5,32.05,40.35958333333333,-0.20588872944261488,3,0,2,2.033333333333333,4.041442231751213,2.0,0,0,2026-01-29,1
6180,62,,橘子,文化創意業,Unqualified,4,51.9,65.23666666666666,-0.20443513361606458,1,0,3,4.816,6.910046385804698,90.25,0,0,2026-01-29,1
6186,63,,新潤,建材營造,Unqualified,2,48.6,60.74604166666667,-0.1999478704030784,0,0,2,1.9940006879999999,4.595248829537524,136.33333333333334,0,0,2026-01-29,1
3078,64,,僑威,電子零組件業,Unqualified,3,63.6,79.05,-0.19544592030360528,0,0,3,3.5100000000000002,6.024292043491667,226.75,0,0,2026-01-29,1
2392,65,,正崴,電子零組件業,Unqualified,2,40.1,49.770625,-0.19430386899903307,0,0,2,2.1399999999999997,4.386651398793289,191.4,0,0,2026-01-29,1
5312,66,,寶島科,生技醫療業,Unqualified,3,98.8,122.15041666666666,-0.19116117082422282,0,0,3,5.220000000000001,5.690382613377076,167.0,0,0,2026-01-29,1
2357,67,,華碩,電腦及週邊設備業,Unqualified,4,507.0,625.7666666666667,-0.18979385287380812,1,0,3,26.8,6.740016444055852,100.2,0,0,2026-01-29,1
6206,68,,飛捷,電子工業,Unqualified,4,91.1,112.40124999999999,-0.18951079280701946,1,0,3,4.5,5.081602026464673,74.25,0,0,2026-01-29,1
2353,69,,宏碁,電子工業,Unqualified,3,25.7,31.613958333333333,-0.187067948625014,0,0,3,1.716,5.286131755377799,142.33333333333334,0,0,2026-01-29,1
6754,70,,匯僑設計,居家生活,Unqualified,3,44.55,54.730625,-0.18601331521428827,0,0,3,2.92,5.194054176357548,178.75,0,0,2026-01-29,1
4138,71,,曜亞,生技醫療業,Unqualified,4,60.5,73.90875000000001,-0.18142303854415087,1,0,3,4.25,5.045068979067707,79.0,0,0,2026-01-29,1
4995,72,,晶達,光電業,Unqualified,3,41.65,50.87895833333334,-0.18139047330469793,0,0,3,2.858677696,5.668613592137843,197.5,0,0,2026-01-29,1
4961,73,,天鈺,電子工業,Unqualified,4,151.0,183.03958333333333,-0.17504182838411542,1,0,3,10.302058968,5.838465408020215,62.0,0,0,2026-01-29,1
6817,74,,溫士頓,生技醫療業,Unqualified,4,84.6,102.25583333333333,-0.1726633362399863,1,0,3,5.12,5.471093529985957,65.0,0,0,2026-01-29,1
6456,75,,GIS-KY,電子工業,Unqualified,3,40.0,48.323750000000004,-0.17224967019322804,1,0,2,4.166666666666667,4.682438406576337,69.0,0,0,2026-01-29,1
7801,76,,華芸科技,資訊服務業,Unqualified,2,102.5,123.70416666666667,-0.1714102866381488,0,0,2,5.9,4.199288256227758,,0,0,2026-01-29,1
2393,77,,億光,電子工業,Unqualified,3,56.7,68.27250000000001,-0.16950455893661437,0,0,3,3.232,5.542662466099966,121.0,0,0,2026-01-29,1
3034,78,,聯詠,半導體業,Unqualified,4,384.5,461.3645833333333,-0.16660269580727458,1,0,3,32.82,7.871444685405805,86.33333333333333,0,0,2026-01-29,1
4933,79,,友輝,光電業,Unqualified,3,57.3,68.57249999999999,-0.1643880564366181,0,0,3,3.4766470220000003,6.778531751375008,276.25,0,0,2026-01-29,1
2385,80,,群光,電子零組件業,Unqualified,3,117.0,139.50833333333333,-0.16134042171913263,0,0,3,7.38,6.017998335466066,292.0,0,0,2026-01-29,1
6294,81,,智基,文化創意業,Unqualified,3,44.65,53.21145833333333,-0.1608950139968287,0,0,3,7.7,6.500664150815713,174.0,0,0,2026-01-29,1
3040,82,,遠見,其他,Unqualified,3,47.1,56.06395833333333,-0.15988807426042426,0,0,3,2.34,5.618349525514712,329.2,0,0,2026-01-29,1
6771,83,,平和環保-創,綠能環保,Unqualified,3,44.65,53.07354166666667,-0.158714519554235,0,0,3,3.7399999999999998,5.372452309570068,456.25,0,0,2026-01-29,1
6128,84,,上福,電腦及週邊設備業,Unqualified,5,24.75,29.307708333333334,-0.15551227279512644,2,0,3,2.0,5.855721999426569,42.0,0,0,2026-01-29,1
3032,85,,偉訓,電子零組件業,Unqualified,3,72.2,85.47583333333334,-0.1553168049448675,0,0,3,2.66870736,5.039606727561686,130.6,0,0,2026-01-29,1
6245,86,,立端,通信網路業,Unqualified,3,69.0,81.61625000000001,-0.1545801234435545,1,0,2,3.71566019,4.6241689400392,82.0,0,0,2026-01-29,1
3512,87,,皇龍,建材營造,Unqualified,5,20.75,24.486041666666665,-0.1525784247828269,2,0,3,2.4811166879999997,7.330789060580078,44.75,0,0,2026-01-29,1
6757,88,,台灣虎航,航運業,Unqualified,3,68.7,80.89583333333333,-0.15075972186453765,0,0,3,4.89,5.57582668187001,,0,0,2026-01-29,1
6171,89,,大城地產,建材營造,Unqualified,2,27.75,32.55291666666667,-0.14754182292933304,0,0,2,1.5,4.5433001864605655,212.5,0,0,2026-01-29,1
3022,90,,威強電,電腦及週邊設備業,Unqualified,2,64.9,76.12958333333334,-0.14750617094756202,0,0,2,3.3,4.764441556038941,124.0,0,0,2026-01-29,1
9943,91,,好樂迪,觀光餐旅,Unqualified,5,59.7,69.94541666666667,-0.14647731266642447,3,0,2,3.56,4.60447330417289,10.0,0,0,2026-01-29,1
2432,92,,倚天酷碁-創,電腦及週邊設備業,Unqualified,2,24.65,28.879166666666666,-0.1464435146443515,0,0,2,1.6749999999999998,4.997593141102644,,0,0,2026-01-29,1
7642,93,,昶瑞機電,電機機械,Unqualified,2,84.0,98.345,-0.14586405002796277,0,0,2,4.9,4.557728925047602,148.5,0,0,2026-01-29,1
2611,94,,志信,航運業,Unqualified,3,15.15,17.714583333333334,-0.1447724332588498,0,0,3,1.6466666666666665,6.619011112501109,588.0,0,0,2026-01-29,1
7715,95,,裕山,綠能環保類,Unqualified,2,33.3,38.85125,-0.14288472056883636,0,0,2,2.4928797449999998,4.994498614162477,,0,0,2026-01-29,1
4438,96,,廣越,紡織纖維,Unqualified,4,69.3,80.79583333333333,-0.1422825021917385,2,0,2,4.524700040000001,4.092042833645953,36.0,0,0,2026-01-29,1
5603,97,,陸海,航運業,Unqualified,5,17.95,20.917916666666667,-0.14188395115829736,2,0,3,1.64,5.110968760290523,41.0,0,0,2026-01-29,1
5465,98,,富驊,電腦及週邊設備業,Unqualified,4,30.2,35.104791666666664,-0.13971858067808876,1,0,3,1.42,5.016310798426599,119.6,0,0,2026-01-29,1
6703,99,,軒郁,生技醫療業,Unqualified,3,105.5,122.59791666666666,-0.1394633541217054,1,0,2,6.70940868,4.248481506275124,98.0,0,0,2026-01-29,1
8435,100,,鉅邁,其他,Unqualified,3,53.8,62.50708333333333,-0.13929754627808844,0,0,3,3.9200000000000004,5.736131798051317,385.3333333333333,0,0,2026-01-29,1
5704,101,,老爺知,觀光餐旅,Unqualified,2,23.15,26.872083333333332,-0.1385111562495155,0,0,2,1.8250000000000002,4.254046948251931,129.66666666666666,0,0,2026-01-29,1
6176,102,,瑞儀,光電業,Unqualified,3,124.5,144.48333333333332,-0.13830891683008412,0,0,3,9.321837676,6.931243110252574,231.25,0,0,2026-01-29,1
2609,103,,陽明,航運業,Unqualified,3,54.7,63.47416666666666,-0.13823208917013471,0,0,3,12.375,15.642772730595821,196.0,0,0,2026-01-29,1
1598,104,,岱宇,運動休閒,Unqualified,5,19.95,23.120833333333334,-0.13714182735628044,3,0,2,2.745718185,4.299756302967962,3.0,0,0,2026-01-29,1
9940,105,,信義,其他,Unqualified,3,22.0,25.468124999999997,-0.13617512086186154,0,0,3,1.8199999999999998,5.731512533846431,278.25,0,0,2026-01-29,1
3546,106,,宇峻,文化創意業,Unqualified,3,75.8,87.48208333333334,-0.13353686707278162,0,0,3,4.65611552,5.385157493944126,148.5,0,0,2026-01-29,1
3596,107,,智易,電子工業,Unqualified,3,178.5,205.65,-0.13202042304886946,1,0,2,5.8442274339999996,4.1426867557933145,85.0,0,0,2026-01-29,1
5213,108,,亞昕,建材營造,Unqualified,4,24.6,28.317083333333333,-0.13126646164712108,2,0,2,1.285767114,4.645786664307826,34.8,0,0,2026-01-29,1
3545,109,,敦泰,電子工業,Unqualified,3,54.7,62.95625,-0.1311426585922763,0,0,3,5.4498845325,5.4837751273515085,136.25,0,0,2026-01-29,1
3206,110,,志豐,電子零組件業,Unqualified,3,31.45,36.18479166666667,-0.13085032270693842,0,0,3,2.2,5.616808362503001,293.6666666666667,0,0,2026-01-29,1
5533,111,,皇鼎,建材營造,Unqualified,3,14.35,16.50166666666667,-0.13039086960913052,0,0,3,1.0,5.045901432475551,161.5,0,0,2026-01-29,1
2615,112,,萬海,航運業,Unqualified,4,74.3,85.43541666666667,-0.13033724304420985,2,0,2,4.3,4.473625662773796,57.333333333333336,0,0,2026-01-29,1
8119,113,,公信,電腦及週邊設備業,Unqualified,5,8.2,9.427291666666665,-0.13018496828799359,2,0,3,1.1666666666666667,5.324161515739902,37.5,0,0,2026-01-29,1
4536,114,,拓凱,運動休閒,Unqualified,3,160.0,183.80416666666667,-0.12950830820846465,1,0,2,8.3,4.7241921137559135,69.8,0,0,2026-01-29,1
2538,115,,基泰,建材營造,Unqualified,5,10.75,12.349166666666667,-0.12949591740333358,3,0,2,0.58,4.07782084065606,24.0,0,0,2026-01-29,1
1777,116,,生泰,生技醫療業,Unqualified,2,72.3,82.98958333333333,-0.12880632609514245,0,0,2,3.5462959999999994,4.268414328266081,160.0,0,0,2026-01-29,1
2362,117,,藍天,電腦及週邊設備業,Unqualified,4,38.45,44.114375,-0.12840202315005028,2,0,2,1.6659631740000003,4.229124859618787,42.0,0,0,2026-01-29,1
6582,118,,申豐,橡膠工業,Unqualified,4,32.8,37.608541666666675,-0.1278577007661161,1,0,3,6.875,6.56975954239035,88.0,0,0,2026-01-29,1
2534,119,,宏盛,建材營造,Unqualified,4,20.15,23.053125,-0.12593195065744894,1,0,3,1.19,5.077280358179299,60.2,0,0,2026-01-29,1
9939,120,,宏全,其他,Unqualified,5,123.0,140.71458333333334,-0.1258901736671454,3,0,2,4.849997501999999,4.415068636552315,19.75,0,0,2026-01-29,1
6577,121,,勁豐,電腦及週邊設備業,Unqualified,2,70.8,80.92416666666668,-0.1251068387070201,0,0,2,4.0600000000000005,4.953554803796661,206.0,0,0,2026-01-29,1
6281,122,,全國電,電子工業,Unqualified,3,61.5,70.29416666666665,-0.1251052126184011,0,0,3,4.7,5.496284258082632,210.66666666666666,0,0,2026-01-29,1
8032,123,,光菱,電子通路業,Unqualified,2,38.3,43.708958333333335,-0.12374942207690082,0,0,2,1.3800000000000001,4.215957985172359,285.25,0,0,2026-01-29,1
4974,124,,亞泰,電子零組件業,Unqualified,4,75.1,85.50333333333333,-0.12167166972047877,1,0,3,4.65,6.679736111968063,89.2,0,0,2026-01-29,1
3168,125,,眾福科,電子工業,Unqualified,4,40.35,45.872499999999995,-0.12038803204534294,1,0,3,3.2186652179999995,5.961355064812345,62.0,0,0,2026-01-29,1
2204,126,,中華,汽車工業,Unqualified,4,56.0,63.658750000000005,-0.12030946256406236,1,0,3,5.34,7.0741199587585015,62.0,0,0,2026-01-29,1
6292,127,,迅德,電子零組件業,Unqualified,3,41.2,46.77916666666667,-0.11926605504587154,0,0,3,3.34,6.429536643560328,173.33333333333334,0,0,2026-01-29,1
1102,128,,亞泥,水泥工業,Unqualified,4,35.4,40.16395833333333,-0.11861276953321545,1,0,3,2.692416998,5.940910352059338,93.75,0,0,2026-01-29,1
8433,129,,弘帆,居家生活類,Unqualified,5,55.7,63.05125,-0.11659166154517159,2,0,3,4.381204352,5.655009679544998,33.0,0,0,2026-01-29,1
6143,130,,振曜,通信網路業,Unqualified,5,109.0,123.15625,-0.1149454453184471,3,0,2,3.7,4.374151924782097,14.6,0,0,2026-01-29,1
6263,131,,普萊德,通信網路業,Unqualified,4,126.5,142.84791666666666,-0.11444280776466811,1,0,3,6.08,5.138619912997649,60.5,0,0,2026-01-29,1
7716,132,,昱臺國際,航運業,Unqualified,2,25.75,29.045208333333335,-0.11345101386488023,0,0,2,1.625,4.659244292792528,144.0,0,0,2026-01-29,1
2480,133,,敦陽科,電子工業,Unqualified,4,139.0,156.70625,-0.11299006899852437,1,0,3,6.048399999999999,5.46409131482213,70.6,0,0,2026-01-29,1
3325,134,,旭品,電腦及週邊設備業,Unqualified,3,15.8,17.736250000000002,-0.1091690746352809,0,0,3,1.21668991,5.289956130434782,644.0,0,0,2026-01-29,1
8442,135,,威宏-KY,其他,Unqualified,5,71.0,79.64041666666667,-0.1084928611414849,3,0,2,4.403250865,4.783566615474637,21.5,0,0,2026-01-29,1
6112,136,,邁達特,電子工業,Unqualified,2,46.05,51.64625,-0.10835733475324935,0,0,2,2.07,4.16193825582212,207.6,0,0,2026-01-29,1
4306,137,,炎洲,塑膠工業,Unqualified,3,13.65,15.3075,-0.10828025477707,0,0,3,0.91137327,5.381821199449734,301.0,0,0,2026-01-29,1
3147,138,,大綜,資訊服務業,Unqualified,5,170.5,191.11666666666667,-0.10787477108223602,3,0,2,4.12,4.831928777596358,21.0,0,0,2026-01-29,1
6508,139,,惠光,農業科技業,Unqualified,5,23.4,26.21833333333333,-0.10749475557815773,2,0,3,1.852899456,5.118554261136462,39.0,0,0,2026-01-29,1
2430,140,,燦坤,電子通路業,Unqualified,4,22.6,25.301458333333336,-0.10677085477615755,1,0,3,2.558,6.293151618638515,79.0,0,0,2026-01-29,1
1702,141,,南僑,食品工業,Unqualified,3,37.75,42.223958333333336,-0.10595781423461212,1,0,2,2.2399999999999998,4.299574463119275,111.33333333333333,0,0,2026-01-29,1
5244,142,,弘凱,電子工業,Unqualified,3,38.85,43.38145833333333,-0.10445610884066238,1,0,2,1.83998089,4.529579081775006,117.4,0,0,2026-01-29,1
9938,143,,百和,其他,Unqualified,5,50.7,56.6,-0.10424028268551234,3,0,2,2.6,4.171262769207213,21.4,0,0,2026-01-29,1
6938,144,,藍新資訊,資訊服務業,Unqualified,2,79.5,88.74875,-0.10421273539063931,0,0,2,4.25,4.503252114717083,128.0,0,0,2026-01-29,1
3479,145,,安勤,電腦及週邊設備業,Unqualified,3,91.4,101.90249999999999,-0.1030642035278819,1,0,2,4.258756978,4.797192018331182,87.2,0,0,2026-01-29,1
3312,146,,弘憶股,電子通路業,Unqualified,5,40.6,45.228541666666665,-0.10233674348332766,2,0,3,1.65,5.989187252948317,33.75,0,0,2026-01-29,1
6278,147,,台表科,光電業,Unqualified,4,93.8,104.47749999999999,-0.10219903807039789,1,0,3,5.36,5.198443669357186,63.0,0,0,2026-01-29,1
3515,148,,華擎,電腦及週邊設備業,Unqualified,3,221.5,246.70416666666668,-0.10216352243746732,1,0,2,8.240279904000001,4.9354255857543565,70.8,0,0,2026-01-29,1
1457,149,,宜進,紡織纖維,Unqualified,4,15.5,17.25875,-0.10190483088288545,2,0,2,0.9199999999999999,4.795446590200383,54.6,0,0,2026-01-29,1
2352,150,,佳世達,電子工業,Unqualified,3,25.6,28.463125,-0.1005906765332338,1,0,2,1.6620000000000001,4.758852862395342,80.0,0,0,2026-01-29,1
4938,151,,和碩,電子工業,Unqualified,3,70.1,77.91375,-0.10028717652532447,0,0,3,4.399395950000001,5.552880275312011,312.0,0,0,2026-01-29,1
6648,152,,斯其大,其他電子業,Unqualified,5,24.2,26.887083333333337,-0.09993956205736969,3,0,2,2.3000000000000003,4.051014004547625,25.0,0,0,2026-01-29,1
4930,153,,燦星網,電器電纜,Unqualified,3,21.8,24.217708333333334,-0.09983225084949891,0,0,3,2.54,7.384648272879703,374.6666666666667,0,0,2026-01-29,1
3597,154,,映興,電子零組件業,Unqualified,3,25.75,28.564999999999998,-0.09854717311395057,1,0,2,1.1499677560000001,4.445391101638701,62.2,0,0,2026-01-29,1
1806,155,,冠軍,玻璃陶瓷,Unqualified,3,8.98,9.950125000000002,-0.09749877514101593,0,0,3,1.0,8.767890717931007,331.0,0,0,2026-01-29,1
5907,156,,大洋-KY,貿易百貨,Unqualified,3,6.23,6.898458333333333,-0.09689966961217171,0,0,3,1.0,5.012531328320803,,0,0,2026-01-29,1
3088,157,,艾訊,電腦及週邊設備業,Unqualified,3,83.7,92.63791666666665,-0.09648227192789115,1,0,2,3.3443098919999996,4.349171553130789,74.5,0,0,2026-01-29,1
2397,158,,友通,電腦及週邊設備業,Unqualified,2,61.0,67.48666666666666,-0.09611775165464781,0,0,2,3.28,4.586261596065517,161.2,0,0,2026-01-29,1
2376,159,,技嘉,電腦及週邊設備業,Unqualified,4,237.5,262.74583333333334,-0.09608461916617772,2,0,2,7.711588653999999,4.9180690311053015,35.2,0,0,2026-01-29,1
4935,160,,茂林-KY,光電業,Unqualified,4,39.95,44.108333333333334,-0.09427545815227655,1,0,3,3.6399999999999997,5.917183773249394,92.0,0,0,2026-01-29,1
2227,161,,裕日車,汽車工業,Unqualified,3,54.2,59.835,-0.09417564970335085,1,0,2,8.437999999999999,4.806928766899514,61.5,0,0,2026-01-29,1
1515,162,,力山,電機機械,Unqualified,2,27.1,29.892916666666665,-0.09343071797945433,0,0,2,2.2,4.488552565062225,132.0,0,0,2026-01-29,1
3293,163,,鈊象,文化創意業,Unqualified,2,728.0,801.9916666666667,-0.09225989463730921,0,0,2,38.2,4.724889308618738,141.5,0,0,2026-01-29,1
6216,164,,居易,通信網路業,Unqualified,3,28.0,30.828958333333333,-0.0917630204285743,0,0,3,1.62403803,5.056774843963428,129.75,0,0,2026-01-29,1
3570,165,,大塚,資訊服務業,Unqualified,4,174.5,191.97916666666666,-0.09104720564297336,1,0,3,7.140000000000001,5.507558693256859,88.5,0,0,2026-01-29,1
1339,166,,昭輝,汽車工業,Unqualified,3,43.95,48.34458333333334,-0.090901255742198,0,0,3,2.6,5.41189192970517,157.0,0,0,2026-01-29,1
3646,167,,艾恩特,電子零組件業,Unqualified,4,25.75,28.319583333333334,-0.09073520973413571,1,0,3,1.5640214799999999,5.400991303244429,105.5,0,0,2026-01-29,1
7575,168,,安美得,生技醫療業,Unqualified,5,28.0,30.780208333333334,-0.09032454566990425,3,0,2,2.0,4.24578185838581,11.0,0,0,2026-01-29,1
8329,169,,台視,文化創意業,Unqualified,5,10.25,11.262708333333334,-0.08991694567248115,3,0,2,0.5,4.0791984732824424,1.0,0,0,2026-01-29,1
3014,170,,聯陽,電子工業,Unqualified,3,120.0,131.73958333333334,-0.08911204238159254,0,0,3,7.0,6.040964729962267,221.5,0,0,2026-01-29,1
3005,171,,神基,電腦及週邊設備業,Unqualified,3,113.5,124.50958333333332,-0.08842358185280243,0,0,3,4.388115174,5.365102573062968,336.2,0,0,2026-01-29,1
1537,172,,廣隆,電機機械,Unqualified,3,124.0,135.79166666666666,-0.08683645289966241,0,0,3,8.9,6.10293885941156,441.75,0,0,2026-01-29,1
5403,173,,中菲,資訊服務業,Unqualified,2,112.0,122.38958333333333,-0.08488944116295301,0,0,2,4.7016387019999994,4.634338991230225,173.25,0,0,2026-01-29,1
1540,174,,喬福,電機機械,Unqualified,5,25.4,27.7525,-0.08476713809566715,3,0,2,1.1,4.0781420121126954,11.0,0,0,2026-01-29,1
7760,175,,享溫馨,觀光餐旅,Unqualified,2,39.6,43.266458333333325,-0.08474135564982477,0,0,2,2.0,4.11522633744856,,0,0,2026-01-29,1
2504,176,,國產,建材營造,Unqualified,4,35.65,38.921041666666675,-0.0840430144362788,1,0,3,2.04,6.170438648290071,97.0,0,0,2026-01-29,1
2537,177,,聯上發,建材營造,Unqualified,3,10.55,11.506583333333333,-0.08313356846442972,0,0,3,0.65,6.951460997109272,264.5,0,0,2026-01-29,1
5009,178,,榮剛,鋼鐵工業,Unqualified,5,35.15,38.30354166666667,-0.08233028930092415,3,0,2,1.8538859859999999,4.66519173715181,20.0,0,0,2026-01-29,1
2636,179,,台驊控股,航運業,Unqualified,4,65.8,71.64916666666666,-0.08163621349399267,2,0,2,4.8366983,4.886963147949446,38.0,0,0,2026-01-29,1
6972,180,,博瑞達應材,化學工業,Unqualified,4,27.45,29.88375,-0.08144058225624294,2,0,2,1.5,4.901960784313726,60.0,0,0,2026-01-29,1
1722,181,,台肥,化學生技醫療,Unqualified,2,46.7,50.81625,-0.08100263203207624,0,0,2,2.44,4.020344823776788,179.33333333333334,0,0,2026-01-29,1
1532,182,,勤美,電機機械,Unqualified,4,24.75,26.918333333333333,-0.08055228778403813,2,0,2,1.501569558,4.683705323944338,38.75,0,0,2026-01-29,1
4126,183,,太醫,生技醫療業,Unqualified,4,82.2,89.38541666666667,-0.08038690129355555,1,0,3,4.54,5.4712099181993405,70.25,0,0,2026-01-29,1
5534,184,,長虹,建材營造,Unqualified,3,77.9,84.63041666666666,-0.07952715975836099,0,0,3,5.181915402,6.0734537852911785,216.25,0,0,2026-01-29,1
6768,185,,志強-KY,運動休閒,Unqualified,3,104.0,112.98458333333333,-0.07952043604769087,1,0,2,3.495092594,4.031432717276291,70.2,0,0,2026-01-29,1
4999,186,,鑫禾,電子零組件業,Unqualified,3,24.0,26.058541666666667,-0.07899681006707654,1,0,2,1.75,4.6702118980090574,63.5,0,0,2026-01-29,1
4766,187,,南寶,化學生技醫療,Unqualified,2,318.5,344.97083333333336,-0.0767335402751441,0,0,2,11.4,4.837243110405314,234.2,0,0,2026-01-29,1
1580,188,,新麥,電機機械,Unqualified,3,130.0,140.78333333333333,-0.07659524091393392,0,0,3,7.590505566,5.966523999348598,223.66666666666666,0,0,2026-01-29,1
2915,189,,潤泰全,貿易百貨,Unqualified,5,50.9,55.093125,-0.07610976868710936,3,0,2,3.1666666666666665,4.298163761243817,5.0,0,0,2026-01-29,1
3679,190,,新至陞,電子零組件業,Unqualified,3,117.0,126.6,-0.07582938388625589,0,0,3,9.1,7.75343335551244,331.25,0,0,2026-01-29,1
1599,191,,宏佳騰,電機機械,Unqualified,3,27.05,29.263958333333335,-0.07565478012629304,1,0,2,1.7620053425,4.1306495442784605,72.0,0,0,2026-01-29,1
8931,192,,大汽電,油電燃氣業,Unqualified,3,45.7,49.38375,-0.07459437568025912,1,0,2,1.9,4.240729832742295,95.75,0,0,2026-01-29,1
1569,193,,濱川,電腦及週邊設備業,Unqualified,4,53.7,58.01083333333334,-0.0743108327467571,1,0,3,1.6994956733333335,6.603551274863396,107.0,0,0,2026-01-29,1
2616,194,,山隆,油電燃氣業,Unqualified,2,13.85,14.960416666666667,-0.07422364573179228,0,0,2,1.4060000000000001,4.234556469772292,143.5,0,0,2026-01-29,1
2373,195,,震旦行,電子工業,Unqualified,3,54.9,59.24041666666667,-0.07326782812972567,0,0,3,4.68,5.816659050309757,,0,0,2026-01-29,1
6121,196,,新普,電腦及週邊設備業,Unqualified,2,343.0,370.0875,-0.0731921505049481,0,0,2,13.822222222222223,4.1707611402394384,128.22222222222223,0,0,2026-01-29,1
2247,197,,汎德永業,汽車工業,Unqualified,3,274.5,296.025,-0.07271345325563712,0,0,3,14.9,5.177453713117044,289.3333333333333,0,0,2026-01-29,1
9905,198,,大華,其他,Unqualified,3,20.15,21.709166666666665,-0.07182065947564391,0,0,3,1.3,5.093324865111408,,0,0,2026-01-29,1
6203,199,,海韻電,電子零組件業,Unqualified,3,66.4,71.51833333333333,-0.07156673114119912,0,0,3,4.686056362,5.988495738979994,215.0,0,0,2026-01-29,1
4104,200,,佳醫,生技醫療業,Unqualified,3,78.8,84.86999999999999,-0.07152114999410857,1,0,2,3.65,4.636672144023412,82.33333333333333,0,0,2026-01-29,1
3213,201,,茂訊,電腦及週邊設備業,Unqualified,4,100.5,108.15916666666665,-0.07081384687690195,1,0,3,4.640000000000001,6.310187721581984,75.4,0,0,2026-01-29,1
2745,202,,五福,觀光餐旅,Unqualified,5,106.0,114.07041666666667,-0.07074942743699986,3,0,2,5.0,4.526118657176873,8.0,0,0,2026-01-29,1
5015,203,,華祺,鋼鐵工業,Unqualified,5,30.0,32.280208333333334,-0.07063796831133631,2,0,3,3.2600000000000002,7.394259877348295,51.5,0,0,2026-01-29,1
5548,204,,安倉,建材營造,Unqualified,5,23.0,24.746875,-0.07058972092435911,3,0,2,1.3001653633333332,4.8661345097909035,0.0,0,0,2026-01-29,1
7718,205,,友鋮,鋼鐵工業,Unqualified,5,45.1,48.473124999999996,-0.06958752917209268,2,0,3,3.25,6.2554449112824075,40.0,0,0,2026-01-29,1
1582,206,,信錦,電子零組件業,Unqualified,3,69.8,75.00041666666668,-0.06933850367497979,0,0,3,3.9060285300000004,5.080876115392033,232.25,0,0,2026-01-29,1
4767,207,,誠泰科技,化學工業,Unqualified,3,25.35,27.236875,-0.06927648638105509,1,0,2,1.46,4.787092092896183,86.5,0,0,2026-01-29,1
9917,208,,中保科,其他,Unqualified,2,106.0,113.87916666666666,-0.06918883319307742,0,0,2,5.064,4.44718090164847,121.0,0,0,2026-01-29,1
8367,209,,建新國際,航運業,Unqualified,4,43.0,46.158125,-0.06841969859044314,1,0,3,2.419976794,5.213971520092866,83.5,0,0,2026-01-29,1
1817,210,,凱撒衛,玻璃陶瓷,Unqualified,3,38.7,41.534375,-0.06824166729365723,0,0,3,2.1,5.418896534573199,211.0,0,0,2026-01-29,1
2115,211,,六暉-KY,汽車工業,Unqualified,2,25.05,26.884166666666665,-0.06822479154396943,0,0,2,1.45999999,4.1672544082995255,315.0,0,0,2026-01-29,1
6637,212,,醫影,生技醫療業,Unqualified,5,77.8,83.47166666666666,-0.06794720763532537,3,0,2,2.714812732,4.07209857919918,25.0,0,0,2026-01-29,1
4972,213,,湯石照明,光電業,Unqualified,5,18.1,19.41604166666667,-0.06778115175381183,3,0,2,1.524,4.880055901793098,6.0,0,0,2026-01-29,1
6227,214,,茂綸,電子通路業,Unqualified,4,86.3,92.54208333333332,-0.06745129468124855,1,0,3,3.09,5.910404204049262,84.4,0,0,2026-01-29,1
2439,215,,美律,電子工業,Unqualified,2,103.0,110.35,-0.06660625283189846,0,0,2,4.990172702000001,4.778552665510949,214.25,0,0,2026-01-29,1
1473,216,,台南,紡織纖維,Unqualified,3,26.45,28.330833333333334,-0.06638821072447575,1,0,2,1.4000000000000001,4.409757954337667,63.0,0,0,2026-01-29,1
1583,217,,程泰,電機機械,Unqualified,2,49.35,52.8325,-0.06591586618085461,0,0,2,3.005484442,4.660416772721262,266.6666666666667,0,0,2026-01-29,1
3015,218,,全漢,電子工業,Unqualified,3,52.8,56.508541666666666,-0.06562798396997507,0,0,3,3.1,5.9642000856886295,259.25,0,0,2026-01-29,1
6161,219,,捷波,電腦及週邊設備業,Unqualified,4,43.0,45.9125,-0.06343588347399949,1,0,3,2.42,6.305465669409459,101.25,0,0,2026-01-29,1
1776,220,,展宇,化學生技醫療,Unqualified,2,15.45,16.480625,-0.06253555311160837,0,0,2,0.7900183000000001,4.139372551834082,126.5,0,0,2026-01-29,1
6670,221,,復盛應用,運動休閒,Unqualified,4,270.5,288.5208333333333,-0.0624593833489782,1,0,3,14.511616370000002,5.962503932464011,102.0,0,0,2026-01-29,1
1264,222,,德麥,食品工業,Unqualified,2,279.0,297.55,-0.06234246345152079,0,0,2,12.9,4.170778350591718,155.33333333333334,0,0,2026-01-29,1
8930,223,,青鋼,鋼鐵工業,Unqualified,4,30.4,32.408750000000005,-0.0619817179002586,1,0,3,1.52,5.215479548314306,101.5,0,0,2026-01-29,1
8066,224,,來思達,居家生活類,Unqualified,3,20.5,21.836875000000003,-0.06122098514553948,1,0,2,1.5,4.2411503846612595,76.33333333333333,0,0,2026-01-29,1
6201,225,,亞弘電,電子工業,Unqualified,3,55.0,58.55916666666667,-0.06077898421824086,0,0,3,3.38,6.331225922901553,295.0,0,0,2026-01-29,1
2029,226,,盛餘,鋼鐵工業,Unqualified,4,21.7,23.092708333333334,-0.06030944111146202,2,0,2,1.316,4.955092010344954,44.25,0,0,2026-01-29,1
1402,227,,遠東新,紡織纖維,Unqualified,2,28.25,30.06270833333333,-0.06029757243539534,0,0,2,1.4300000000000002,4.360610302653379,155.25,0,0,2026-01-29,1
1535,228,,中宇,電機機械,Unqualified,3,52.5,55.85270833333333,-0.060027676962844966,1,0,2,2.65,4.858532262771964,70.75,0,0,2026-01-29,1
2603,229,,長榮,航運業,Unqualified,4,190.0,202.08333333333334,-0.059793814432989735,1,0,3,26.590329756,16.376790302270532,89.5,0,0,2026-01-29,1
8446,230,,華研,文化創意業,Unqualified,3,94.5,100.49624999999999,-0.05966640546289031,0,0,3,5.4,5.315835973629217,289.0,0,0,2026-01-29,1
2608,231,,嘉里大榮,航運業,Unqualified,3,32.9,34.984791666666666,-0.05959137005960927,1,0,2,1.846,4.331559333379366,65.0,0,0,2026-01-29,1
2031,232,,新光鋼,鋼鐵工業,Unqualified,4,39.75,42.23125,-0.0587538848601451,2,0,2,2.387959876,4.979267463982265,33.0,0,0,2026-01-29,1
1220,233,,台榮,食品工業,Unqualified,3,12.9,13.704166666666667,-0.05868044998479784,1,0,2,0.6599999999999999,4.1782817272905906,110.5,0,0,2026-01-29,1
2420,234,,新巨,電子零組件業,Unqualified,4,51.2,54.38041666666667,-0.058484595404289214,1,0,3,3.1100000000000003,6.016698069384349,111.5,0,0,2026-01-29,1
5236,235,,凌陽創新,半導體業,Unqualified,4,122.5,130.09166666666667,-0.05835628723336111,1,0,3,7.48408948,5.5243672572822575,96.75,0,0,2026-01-29,1
6791,236,,虎門科技,資訊服務業,Unqualified,2,108.5,115.22041666666668,-0.05832661312195115,0,0,2,3.347498838,4.032885232748892,144.6,0,0,2026-01-29,1
5490,237,,同亨,電腦及週邊設備業,Unqualified,4,25.85,27.450625,-0.05830923703922943,2,0,2,1.2001053566666666,4.563395028224835,35.333333333333336,0,0,2026-01-29,1
3029,238,,零壹,電子工業,Unqualified,3,113.0,119.94375,-0.057891720077119437,0,0,3,3.8404805140000002,5.703068011220753,240.25,0,0,2026-01-29,1
1234,239,,黑松,食品工業,Unqualified,2,37.05,39.31729166666666,-0.057666527132357974,0,0,2,1.8199999999999998,4.633139739990315,181.0,0,0,2026-01-29,1
7455,240,,樺緯物聯,電腦及週邊設備業,Unqualified,2,66.0,70.03500000000001,-0.05761405011779839,0,0,2,3.6,4.505632040050062,,0,0,2026-01-29,1
2433,241,,互盛電,電子工業,Unqualified,3,46.5,49.27229166666666,-0.056264719437479536,0,0,3,3.34,6.355473479748942,253.5,0,0,2026-01-29,1
2916,242,,滿心,居家生活類,Unqualified,4,46.55,49.294374999999995,-0.05567318786372681,1,0,3,2.8600000000000003,7.068394113273681,110.5,0,0,2026-01-29,1
3666,243,,光耀,光電業,Unqualified,5,27.9,29.54354166666667,-0.0556311658639439,3,0,2,2.0,4.842615012106538,17.0,0,0,2026-01-29,1
6248,244,,沛波,鋼鐵工業,Unqualified,3,21.95,23.236874999999998,-0.055380725678474345,0,0,3,1.6035397539999998,5.875521080069814,345.6666666666667,0,0,2026-01-29,1
3528,245,,安馳,電子通路業,Unqualified,3,70.3,74.41416666666667,-0.05528741167116489,0,0,3,3.0599999999999996,5.439888781134199,138.4,0,0,2026-01-29,1
1218,246,,泰山,食品工業,Unqualified,3,18.45,19.524375,-0.0550273696341112,1,0,2,1.0799641575,4.100360036459242,103.0,0,0,2026-01-29,1
6184,247,,大豐電,其他,Unqualified,3,48.15,50.94020833333333,-0.054774183785729166,0,0,3,2.9607802120000004,5.768936547683403,191.0,0,0,2026-01-29,1
4570,248,,傑生,電機機械,Unqualified,5,69.0,72.95333333333335,-0.05418989308233592,3,0,2,3.75,4.655090952043468,1.0,0,0,2026-01-29,1
1604,249,,聲寶,電器電纜,Unqualified,3,24.15,25.528958333333332,-0.05401545630370739,0,0,3,1.94,6.598956022843035,198.0,0,0,2026-01-29,1
2063,250,,世鎧,鋼鐵工業,Unqualified,5,27.55,29.121875,-0.05397574847086593,3,0,2,1.8125,4.256660281748031,29.2,0,0,2026-01-29,1
2727,251,,王品,觀光餐旅,Unqualified,4,214.5,226.70833333333334,-0.053850395147950786,2,0,2,9.4372093,4.23537835497476,43.0,0,0,2026-01-29,1
1466,252,,聚隆,紡織纖維,Unqualified,3,14.65,15.479583333333332,-0.05359209711717038,0,0,3,0.8031,6.177692307692308,469.0,0,0,2026-01-29,1
6115,253,,鎰勝,電子零組件業,Unqualified,3,46.6,49.23041666666666,-0.053430721183550044,0,0,3,2.904,5.926234858088636,331.3333333333333,0,0,2026-01-29,1
6462,254,,神盾,半導體業,Unqualified,3,115.5,121.85708333333334,-0.05216835295445144,0,0,3,9.266012986666667,7.765745661492083,383.3333333333333,0,0,2026-01-29,1
1109,255,,信大,水泥工業,Unqualified,3,15.5,16.344791666666666,-0.05168567968899364,0,0,3,1.1807026,5.873508563751001,323.5,0,0,2026-01-29,1
2108,256,,南帝,橡膠工業,Unqualified,2,24.1,25.406458333333333,-0.051422292560126544,0,0,2,3.0,4.741430993041529,165.0,0,0,2026-01-29,1
1341,257,,富林-KY,塑膠工業,Unqualified,3,58.7,61.882083333333334,-0.05142172276574395,0,0,3,3.79159675,5.025134759092682,433.25,0,0,2026-01-29,1
6229,258,,研通,半導體業,Unqualified,3,23.55,24.795416666666664,-0.050227696650926634,1,0,2,1.324,4.3985721937408595,72.66666666666667,0,0,2026-01-29,1
6790,259,,永豐實,造紙工業,Unqualified,3,38.3,40.319375,-0.050084481716296536,0,0,3,2.9699999999999998,5.962760367711342,243.5,0,0,2026-01-29,1
4420,260,,光明,紡織纖維,Unqualified,3,50.6,53.26541666666666,-0.05004028567629075,0,0,3,7.75,12.52901943044347,275.0,0,0,2026-01-29,1
1452,261,,宏益,紡織纖維,Unqualified,5,11.95,12.569791666666667,-0.04930803016491266,3,0,2,0.86,4.540018989966417,14.0,0,0,2026-01-29,1
6532,262,,瑞耘,半導體業,Unqualified,4,58.4,61.42583333333334,-0.04925994763332482,2,0,2,2.298547048,4.066459647507223,59.8,0,0,2026-01-29,1
1467,263,,南緯,紡織纖維,Unqualified,3,7.77,8.156833333333333,-0.047424449847775926,1,0,2,0.7,4.651162790697674,67.0,0,0,2026-01-29,1
2450,264,,神腦,通信網路業,Unqualified,3,29.0,30.41583333333333,-0.04654922052658972,0,0,3,1.8699999980000002,5.339603254320866,197.66666666666666,0,0,2026-01-29,1
8011,265,,台通,電子工業,Unqualified,5,20.95,21.970208333333336,-0.04643598812786267,2,0,3,1.4,6.363636363636363,58.0,0,0,2026-01-29,1
3703,266,,欣陸,建材營造,Unqualified,3,22.95,24.056666666666665,-0.04600249411112647,0,0,3,1.6260000000000001,5.5143610736920845,155.0,0,0,2026-01-29,1
6556,267,,勝品,光電業,Unqualified,3,68.6,71.80791666666666,-0.04467357939874312,1,0,2,3.4799999999999995,4.535234247453975,77.2,0,0,2026-01-29,1
3501,268,,維熹,電子工業,Unqualified,3,52.6,55.014374999999994,-0.04388625700101097,0,0,3,3.1,5.526731248368113,186.25,0,0,2026-01-29,1
3373,269,,熱映,其他電子類,Unqualified,4,19.15,20.024375000000003,-0.04366553263210482,1,0,3,3.25,7.053265973544612,113.0,0,0,2026-01-29,1
6728,270,,上洋,居家生活類,Unqualified,4,140.5,146.87083333333334,-0.04337711708133567,1,0,3,7.236666666,5.3776354167515406,89.2,0,0,2026-01-29,1
4527,271,,方土霖,電機機械,Unqualified,3,41.0,42.814375,-0.042377706085864816,0,0,3,2.2800000000000002,6.157746525271884,174.75,0,0,2026-01-29,1
4431,272,,敏成健康,其他,Unqualified,3,18.35,19.142916666666668,-0.04142089110419433,0,0,3,5.0,9.107468123861567,,0,0,2026-01-29,1
2379,273,,瑞昱,電子工業,Unqualified,3,511.0,532.8229166666666,-0.04095716603780956,1,0,2,20.7,4.6477636379597165,63.2,0,0,2026-01-29,1
2471,274,,資通,電子工業,Unqualified,4,52.0,54.21479166666666,-0.04085216596024295,1,0,3,2.5849731300000003,5.991298694753548,77.5,0,0,2026-01-29,1
8928,275,,鉅明,運動休閒類,Unqualified,4,26.55,27.67979166666667,-0.04081648013367162,1,0,3,1.8199999999999998,5.021686557267905,74.66666666666667,0,0,2026-01-29,1
4506,276,,崇友,電機機械,Unqualified,3,111.5,116.17416666666666,-0.04023413122538715,1,0,2,3.62,4.180168954882361,88.4,0,0,2026-01-29,1
3356,277,,奇偶,電子工業,Unqualified,2,48.7,50.713541666666664,-0.03970422101263213,0,0,2,2.1001738199999997,4.296488751512534,157.5,0,0,2026-01-29,1
8383,278,,千附,半導體業,Unqualified,4,41.6,43.29041666666667,-0.0390482882085143,1,0,3,2.1666666666666665,5.0415008860574675,115.66666666666667,0,0,2026-01-29,1
8916,279,,光隆,其他,Unqualified,4,49.25,51.220416666666665,-0.03846936036248563,1,0,3,3.15970139,6.112752775468057,120.0,0,0,2026-01-29,1
3303,280,,岱稜,其他電子類,Unqualified,4,46.45,48.28604166666666,-0.03802427375060929,2,0,2,1.6129614060000002,4.883157424515362,53.8,0,0,2026-01-29,1
3209,281,,全科,電子工業,Unqualified,3,33.4,34.71520833333334,-0.037885652901886314,0,0,3,2.3325034000000002,6.326215327180265,165.25,0,0,2026-01-29,1
1733,282,,五鼎,化學生技醫療,Unqualified,3,29.8,30.955625,-0.03733166427749401,1,0,2,1.18095662,4.08344409559587,76.2,0,0,2026-01-29,1
2640,283,,大車隊,數位雲端類,Unqualified,2,126.5,131.36666666666667,-0.03704643491499625,0,0,2,5.08,4.6082078603148435,146.6,0,0,2026-01-29,1
3033,284,,威健,電子工業,Unqualified,3,30.65,31.79520833333333,-0.036018267951800895,0,0,3,2.2773981040000004,7.172410267742879,161.33333333333334,0,0,2026-01-29,1
8049,285,,晶采,光電業,Unqualified,4,26.95,27.95625,-0.03599374021909238,1,0,3,2.29,7.079309876666701,103.66666666666667,0,0,2026-01-29,1
2020,286,,美亞,鋼鐵工業,Unqualified,3,24.45,25.362708333333334,-0.03598623306856364,0,0,3,1.98,6.299452807030771,197.66666666666666,0,0,2026-01-29,1
6464,287,,台數科,其他,Unqualified,3,75.6,78.31541666666666,-0.03467282410338539,1,0,2,3.9668605040000005,4.410232199038864,65.0,0,0,2026-01-29,1
6570,288,,維田,電腦及週邊設備業,Unqualified,4,41.1,42.53854166666667,-0.03381737150133455,2,0,2,2.406749232,4.807913855925422,40.4,0,0,2026-01-29,1
1725,289,,元禎,化學生技醫療,Unqualified,3,28.5,29.48125,-0.03328386686453252,1,0,2,1.058,4.024605884722019,73.2,0,0,2026-01-29,1
1451,290,,年興,紡織纖維,Unqualified,2,17.9,18.49958333333333,-0.03241063987927647,0,0,2,1.020311328,4.8724143735497405,172.6,0,0,2026-01-29,1
2904,291,,匯僑,其他,Unqualified,2,17.1,17.662291666666665,-0.03183571403295609,0,0,2,1.01,4.462956455993455,129.0,0,0,2026-01-29,1
8284,292,,三竹,資訊服務業,Unqualified,4,63.5,65.55166666666666,-0.03129846685820339,1,0,3,3.3714079999999997,5.595161474264455,91.75,0,0,2026-01-29,1
4137,293,,麗豐-KY,化學生技醫療,Unqualified,4,105.0,108.36458333333333,-0.03104873594155528,1,0,3,8.92362928,5.217843513373252,82.33333333333333,0,0,2026-01-29,1
5410,294,,國眾,資訊服務業,Unqualified,4,30.15,31.111458333333335,-0.03090367295007878,1,0,3,1.918020238,6.432217120601878,103.8,0,0,2026-01-29,1
1527,295,,鑽全,電機機械,Unqualified,3,34.9,35.99249999999999,-0.03035354587761323,0,0,3,2.27,5.312446319665772,143.25,0,0,2026-01-29,1
1709,296,,和益,化學生技醫療,Unqualified,3,17.25,17.772083333333335,-0.029376597191287903,0,0,3,1.1800000000000002,5.192684586577889,145.0,0,0,2026-01-29,1
2496,297,,卓越,其他,Unqualified,3,70.5,72.59666666666666,-0.028881032186969063,0,0,3,3.395603215,5.081193266588717,265.4,0,0,2026-01-29,1
3705,298,,永信,生技醫療業,Unqualified,2,56.7,58.376250000000006,-0.028714588552707702,0,0,2,2.2600000000000002,4.523246128185514,126.4,0,0,2026-01-29,1
4581,299,,光隆精密-KY,汽車工業,Unqualified,3,51.8,53.22604166666667,-0.026792179580014543,0,0,3,2.56,5.001056010174551,144.5,0,0,2026-01-29,1
3484,300,,崧騰,電子零組件業,Unqualified,2,49.6,50.95395833333334,-0.026572191398280404,0,0,2,2.68881448,4.656244082229977,210.25,0,0,2026-01-29,1
3413,301,,京鼎,電子工業,Unqualified,4,289.5,297.05625,-0.025437101559048086,2,0,2,11.037438406,4.566386377467571,40.0,0,0,2026-01-29,1
1558,302,,伸興,電機機械,Unqualified,4,96.8,99.28916666666667,-0.02506987167112904,1,0,3,6.659999999999999,5.307151848147283,77.75,0,0,2026-01-29,1
6697,303,,東捷資訊,資訊服務業,Unqualified,2,45.55,46.719166666666666,-0.025025417833508784,0,0,2,1.98,4.451539272576123,246.4,0,0,2026-01-29,1
4580,304,,捷流閥業,電機機械,Unqualified,4,81.7,83.75916666666667,-0.024584373849628433,1,0,3,5.075328874,5.521582026471565,106.5,0,0,2026-01-29,1
5478,305,,智冠,文化創意業,Unqualified,3,103.0,105.58708333333334,-0.02450189219798829,0,0,3,6.540000000000001,5.725439848090555,161.66666666666666,0,0,2026-01-29,1
9911,306,,櫻花,居家生活,Unqualified,4,83.8,85.88708333333334,-0.02430031679191193,1,0,3,3.816,5.046374459480291,66.2,0,0,2026-01-29,1
6590,307,,普鴻,資訊服務業,Unqualified,2,73.1,74.83125,-0.0231353879562349,0,0,2,3.78,4.8332794457433845,126.5,0,0,2026-01-29,1
9930,308,,中聯資源,綠能環保,Unqualified,3,70.4,72.05791666666667,-0.023008112687132435,1,0,2,2.8,4.8050274424740795,100.2,0,0,2026-01-29,1
1788,309,,杏昌,生技醫療業,Unqualified,3,135.5,138.64166666666668,-0.022660335397006764,1,0,2,6.9541558,4.734157007750854,72.5,0,0,2026-01-29,1
8016,310,,矽創,電子工業,Unqualified,5,197.0,201.51041666666666,-0.02238304471439644,2,0,3,17.1,8.046206938908472,37.5,0,0,2026-01-29,1
2752,311,,豆府,觀光餐旅,Unqualified,2,206.0,210.64583333333334,-0.02205518741964202,0,0,2,10.16,4.295382362523791,184.0,0,0,2026-01-29,1
2596,312,,綠意,建材營造,Unqualified,4,33.75,34.497708333333335,-0.021674145021710438,2,0,2,1.1400000000000001,4.465414099033967,50.8,0,0,2026-01-29,1
5299,313,,杰力,半導體業,Unqualified,5,75.4,77.05916666666667,-0.021531074607174107,2,0,3,6.947840638,5.190743380797278,47.333333333333336,0,0,2026-01-29,1
2488,314,,漢平,電子工業,Unqualified,4,46.55,47.569375,-0.021429228363837104,1,0,3,2.2399999999999998,5.467518124508257,112.25,0,0,2026-01-29,1
3531,315,,先益,光電業,Unqualified,4,21.45,21.912708333333335,-0.021115981023188686,2,0,2,1.34,4.947950603185525,45.0,0,0,2026-01-29,1
4942,316,,嘉彰,電子工業,Unqualified,3,37.75,38.54833333333333,-0.020709931255134213,0,0,3,2.46,5.737370628044991,130.25,0,0,2026-01-29,1
9951,317,,皇田,電機機械,Unqualified,5,55.5,56.67020833333333,-0.02064944470382356,3,0,2,3.4033405,4.670648428243423,13.333333333333334,0,0,2026-01-29,1
3217,318,,優群,電子零組件業,Unqualified,4,159.0,162.275,-0.020181790171006044,1,0,3,6.352601722,5.153966669880264,112.2,0,0,2026-01-29,1
3130,319,,一零四,數位雲端,Unqualified,4,221.5,226.03333333333333,-0.02005603893231086,1,0,3,12.024476414,5.626466652397242,71.66666666666667,0,0,2026-01-29,1
2903,320,,遠百,貿易百貨,Unqualified,2,22.2,22.623958333333334,-0.01873935264054522,0,0,2,1.2100000000000002,4.957063564138953,205.0,0,0,2026-01-29,1
3388,321,,崇越電,電子零組件業,Unqualified,3,62.4,63.58583333333333,-0.018649332267407597,0,0,3,4.2619838,5.581931839832705,179.5,0,0,2026-01-29,1
6214,322,,精誠,資訊服務業,Unqualified,2,118.5,120.7175,-0.01836933336094602,0,0,2,4.92,4.833444522639057,191.8,0,0,2026-01-29,1
5519,323,,隆大,建材營造,Unqualified,4,31.2,31.770833333333332,-0.017967213114754084,1,0,3,2.22,7.688784882205543,84.5,0,0,2026-01-29,1
1456,324,,怡華,建材營造,Unqualified,2,13.0,13.234166666666669,-0.01769409986776666,0,0,2,0.85,4.501253132832081,312.0,0,0,2026-01-29,1
1232,325,,大統益,食品工業,Unqualified,2,147.5,149.98333333333332,-0.016557395266140595,0,0,2,6.32,4.015343746466842,405.75,0,0,2026-01-29,1
9924,326,,福興,居家生活,Unqualified,3,48.3,49.10729166666667,-0.016439344123199723,0,0,3,2.8,5.891372035838196,252.0,0,0,2026-01-29,1
1445,327,,大宇,紡織纖維,Unqualified,4,14.45,14.683541666666665,-0.015904995672592546,2,0,2,1.0333333333333334,4.697424975883903,59.0,0,0,2026-01-29,1
6591,328,,動力-KY,電子工業,Unqualified,3,68.5,69.58395833333333,-0.015577704391876645,0,0,3,3.1472584660000003,5.2522591375499825,200.6,0,0,2026-01-29,1
1730,329,,花仙子,化學生技醫療,Unqualified,3,53.0,53.829583333333325,-0.015411290260157287,0,0,3,3.132,5.173170475845962,285.0,0,0,2026-01-29,1
1539,330,,巨庭,電機機械,Unqualified,2,18.75,19.030208333333334,-0.014724396518692917,0,0,2,1.1875,4.366847220330145,171.33333333333334,0,0,2026-01-29,1
8926,331,,台汽電,油電燃氣業,Unqualified,5,43.35,43.996875,-0.014702748774770966,3,0,2,1.715523194,4.018098976621378,17.75,0,0,2026-01-29,1
6846,332,,綠茵,食品工業,Unqualified,5,74.2,75.28208333333333,-0.014373716632443485,3,0,2,3.6648714833333336,4.006651165215476,21.5,0,0,2026-01-29,1
8341,333,,日友,綠能環保,Unqualified,4,77.9,79.02083333333333,-0.014184023200632613,2,0,2,6.06,4.051499122176041,32.666666666666664,0,0,2026-01-29,1
9907,334,,統一實,其他,Unqualified,2,18.1,18.35458333333333,-0.01387028671312774,0,0,2,0.8560000000000001,4.9348871071637985,164.2,0,0,2026-01-29,1
2228,335,,劍麟,汽車工業,Unqualified,3,97.3,98.54708333333333,-0.012654695513565878,1,0,2,4.21,4.526374837038224,65.6,0,0,2026-01-29,1
6151,336,,晉倫,其他電子類,Unqualified,3,30.15,30.46125,-0.010217899790717752,0,0,3,1.78,5.603311974679989,403.8,0,0,2026-01-29,1
1731,337,,美吾華,生技醫療業,Unqualified,3,22.05,22.254791666666666,-0.009202138116323196,0,0,3,1.124,5.045512437384086,155.33333333333334,0,0,2026-01-29,1
6506,338,,雙邦,紡織纖維,Unqualified,2,15.8,15.937916666666666,-0.008653368539384523,0,0,2,0.9400000000000001,4.977047006098684,171.6,0,0,2026-01-29,1
3042,339,,晶技,電子零組件業,Unqualified,4,88.3,89.06458333333333,-0.008584594512409078,1,0,3,5.599971868,5.627501733885632,99.4,0,0,2026-01-29,1
6154,340,,順發,電子通路業,Unqualified,3,13.75,13.868333333333332,-0.008532628289868931,1,0,2,0.7939999999999999,4.603502189864171,78.5,0,0,2026-01-29,1
1593,341,,祺驊,運動休閒類,Unqualified,4,30.1,30.353958333333335,-0.0083665639434725,2,0,2,2.5327009140000003,4.026089010395227,42.0,0,0,2026-01-29,1
6616,342,,特昇-KY,居家生活類,Unqualified,2,10.0,10.084,-0.008330027766759186,0,0,2,1.05,4.430064708810353,131.5,0,0,2026-01-29,1
3093,343,,港建*,其他電子類,Unqualified,4,26.0,26.216666666666665,-0.008264462809917293,1,0,3,3.276,5.57607550635895,106.0,0,0,2026-01-29,1
9925,344,,新保,其他,Unqualified,2,40.65,40.984791666666666,-0.00816868045565685,0,0,2,2.0,4.852075013990117,156.25,0,0,2026-01-29,1
5356,345,,協益,電腦及週邊設備業,Unqualified,3,26.75,26.96916666666667,-0.008126564286376535,0,0,3,1.92,6.272471394159351,152.33333333333334,0,0,2026-01-29,1
2852,346,,第一保,金融保險,Unqualified,4,27.2,27.420416666666664,-0.00803841419866578,1,0,3,1.1019999999999999,5.3260682859092805,95.8,0,0,2026-01-29,1
3702,347,,大聯大,電子通路業,Unqualified,3,65.3,65.75458333333333,-0.006913333037620932,0,0,3,3.4299999999999997,5.444906484208633,181.0,0,0,2026-01-29,1
2453,348,,凌群,電子工業,Unqualified,5,58.7,59.01,-0.005253346890357485,3,0,2,2.12,4.896976073458832,26.6,0,0,2026-01-29,1
4532,349,,瑞智,電機機械,Unqualified,5,25.65,25.747291666666666,-0.003778714589722233,3,0,2,0.960065938,4.493437297552475,28.0,0,0,2026-01-29,1
6177,350,,達麗,建材營造,Unqualified,4,47.6,47.77770833333333,-0.0037194821504099914,1,0,3,2.625,6.137145663499819,78.5,0,0,2026-01-29,1
2114,351,,鑫永銓,橡膠工業,Unqualified,4,90.0,90.32875,-0.003639483553132302,2,0,2,5.4,4.8064323416436086,51.666666666666664,0,0,2026-01-29,1
8421,352,,旭源,其他,Unqualified,3,13.2,13.239374999999999,-0.0029740829910777297,0,0,3,1.01047021,6.781679261744966,357.0,0,0,2026-01-29,1
2414,353,,精技,電子通路業,Unqualified,3,41.0,41.11708333333333,-0.0028475593072627985,0,0,3,2.3600000000000003,6.239688971507485,175.2,0,0,2026-01-29,1
5464,354,,霖宏,電子零組件業,Unqualified,4,25.45,25.52,-0.002742946708463961,1,0,3,1.45,5.120982167642553,75.0,0,0,2026-01-29,1
2942,355,,京站,居家生活,Unqualified,5,30.8,30.884375,-0.0027319639785489546,3,0,2,1.97,4.696754784283673,8.333333333333334,0,0,2026-01-29,1
1416,356,,廣豐,其他,Unqualified,2,11.9,11.924166666666666,-0.0020266964847298345,0,0,2,0.512,4.30284058164532,163.0,0,0,2026-01-29,1
2509,357,,全坤建,建材營造,Unqualified,2,14.8,14.818958333333335,-0.0012793296874780685,0,0,2,1.0,4.830917874396135,973.0,0,0,2026-01-29,1
5609,358,,中菲行,航運業,Unqualified,3,78.8,78.90041666666666,-0.0012727013482184055,0,0,3,7.462203912,7.571227635802954,327.6666666666667,0,0,2026-01-29,1
6792,359,,詠業,電子工業,Unqualified,5,56.2,56.2625,-0.001110864252388358,3,0,2,3.8899999999999997,4.548412604650549,19.0,0,0,2026-01-29,1
8401,360,,白紗科,其他,Unqualified,3,28.7,28.731041666666666,-0.0010804225975099588,0,0,3,1.339389116,5.753592408754811,135.0,0,0,2026-01-29,1
6671,361,,三能-KY,居家生活,Unqualified,3,37.8,37.82833333333333,-0.0007489976648897031,0,0,3,2.62,5.724314712685155,437.5,0,0,2026-01-29,1
5353,362,,台林,通信網路業,Unqualified,3,26.9,26.91104166666667,-0.000410302462589086,1,0,2,1.134,4.085562608376137,100.25,0,0,2026-01-29,1
1271,363,,晨暉生技,生技醫療業,Unqualified,2,65.9,65.83458333333334,0.0009936520192654166,0,0,2,2.376640606,4.050935463900106,145.75,0,0,2026-01-29,1
2643,364,,捷迅,航運業,Unqualified,3,72.9,72.72999999999999,0.0023374123470372055,0,0,3,5.1,6.306487421726092,180.25,0,0,2026-01-29,1
1530,365,,亞崴,電機機械,Unqualified,4,29.15,29.07541666666667,0.002565168168985693,2,0,2,1.566342886,4.744274385429096,52.333333333333336,0,0,2026-01-29,1
5254,366,,欣訊科技,電子零組件業,Unqualified,2,30.5,30.420624999999998,0.002609249481231974,0,0,2,1.48,4.700328498354761,132.5,0,0,2026-01-29,1
2597,367,,潤弘,建材營造,Unqualified,3,170.5,169.96875,0.003125574554145983,0,0,3,7.0200000000000005,5.376437992472605,268.0,0,0,2026-01-29,1
3611,368,,鼎翰,電腦及週邊設備業,Unqualified,3,196.5,195.87291666666667,0.003201480551803349,0,0,3,11.390245586,5.175742403913382,166.5,0,0,2026-01-29,1
6494,369,,九齊,半導體業,Unqualified,4,38.95,38.823541666666664,0.0032572590728350377,1,0,3,4.396,5.329518381389695,80.66666666666667,0,0,2026-01-29,1
8941,370,,關中,居家生活類,Unqualified,3,46.35,46.1875,0.003518267929634672,0,0,3,2.857142857142857,5.022811701310507,127.0,0,0,2026-01-29,1
2390,371,,云辰,電子工業,Unqualified,5,10.7,10.65275,0.004435474408016711,2,0,3,1.0,6.269592476489029,51.0,0,0,2026-01-29,1
6136,372,,富爾特,電子工業,Unqualified,2,23.9,23.784166666666668,0.004870186748887467,0,0,2,1.032,4.985379355750422,139.8,0,0,2026-01-29,1
5215,373,,科嘉-KY,電腦及週邊設備業,Unqualified,4,38.0,37.811666666666675,0.004980826023713812,1,0,3,3.8,5.98817405142367,74.0,0,0,2026-01-29,1
6858,374,,愛比科技,電腦及週邊設備業,Unqualified,3,24.1,23.972916666666666,0.0053011210567481355,0,0,3,5.0,7.462686567164178,,0,0,2026-01-29,1
6899,375,,創為精密,光電業,Unqualified,5,52.3,51.940416666666664,0.0069229967029529,3,0,2,3.0372711100000003,4.721151310909243,14.0,0,0,2026-01-29,1
2015,376,,豐興,鋼鐵工業,Unqualified,3,65.5,65.04583333333333,0.0069822561014669,0,0,3,3.9,5.013295160526472,142.33333333333334,0,0,2026-01-29,1
2908,377,,特力,貿易百貨,Unqualified,2,20.35,20.2075,0.007051837189162531,0,0,2,1.0226331380000002,4.545797841620081,362.0,0,0,2026-01-29,1
2107,378,,厚生,橡膠工業,Unqualified,3,25.1,24.893541666666668,0.008293650461548783,0,0,3,1.3199999999999998,5.499735371745077,228.0,0,0,2026-01-29,1
9942,379,,茂順,其他,Unqualified,4,112.5,111.44916666666667,0.009428812836943566,1,0,3,5.76,5.049248114181373,73.0,0,0,2026-01-29,1
2061,380,,風青,電器電纜,Unqualified,6,18.7,18.51833333333333,0.009810098100981105,3,0,3,1.0,5.305039787798408,9.0,0,0,2026-01-29,1
2548,381,,華固,建材營造,Unqualified,3,107.5,106.42208333333333,0.010128693527737431,0,0,3,7.0,6.453404024771663,160.5,0,0,2026-01-29,1
3580,382,,友威科,其他電子類,Unqualified,5,68.0,67.21958333333333,0.011609959895119861,3,0,2,2.584,4.237505770378698,22.0,0,0,2026-01-29,1
3051,383,,力特,電子工業,Unqualified,3,25.05,24.735625000000002,0.012709401925360618,1,0,2,1.2393936666666667,4.608007798605548,66.33333333333333,0,0,2026-01-29,1
1726,384,,永記,化學生技醫療,Unqualified,2,76.0,74.98291666666665,0.013564200734611946,0,0,2,3.5200000000000005,4.549158354328199,357.0,0,0,2026-01-29,1
8487,385,,愛爾達-創,創新板股票,Unqualified,6,79.9,78.76458333333333,0.014415319914301644,3,0,3,3.2425119125000004,5.295596824410163,24.333333333333332,0,0,2026-01-29,1
6957,386,,裕慶-KY,其他,Unqualified,4,187.0,184.27291666666667,0.014799154334038013,1,0,3,13.16217709,7.332689186629526,68.0,0,0,2026-01-29,1
1108,387,,幸福,水泥工業,Unqualified,3,15.1,14.874166666666667,0.015182923413076288,0,0,3,0.77,5.337453701123428,235.0,0,0,2026-01-29,1
4915,388,,致伸,電子零組件業,Unqualified,4,80.0,78.79083333333334,0.015346539889369463,1,0,3,3.6408877840000002,5.0434786922157695,92.25,0,0,2026-01-29,1
3526,389,,凡甲,電子零組件業,Unqualified,5,250.5,246.70416666666668,0.015386174399162235,3,0,2,9.236325246000002,4.716235890727207,22.2,0,0,2026-01-29,1
6606,390,,建德工業,電機機械,Unqualified,3,26.0,25.587708333333335,0.01611287971926617,0,0,3,1.986,6.7412838478317525,208.25,0,0,2026-01-29,1
1104,391,,環泥,水泥工業,Unqualified,2,30.05,29.555000000000003,0.01674843512096083,0,0,2,1.42,4.981400118667715,201.75,0,0,2026-01-29,1
4952,392,,凌通,半導體業,Unqualified,3,41.9,41.19770833333333,0.017046862436725364,0,0,3,3.2399999999999998,5.289685164671807,190.4,0,0,2026-01-29,1
2423,393,,固緯,電子工業,Unqualified,3,50.0,49.07958333333333,0.01875355502542642,1,0,2,1.752,4.856861307481624,112.0,0,0,2026-01-29,1
5859,394,,遠壽,金融業,Unqualified,5,16.05,15.753125,0.018845467169212458,2,0,3,0.7,5.352390077717449,40.5,0,0,2026-01-29,1
6581,395,,鋼聯,綠能環保,Unqualified,3,107.5,105.40541666666667,0.01987168591114466,1,0,2,4.76,4.89235759645758,110.75,0,0,2026-01-29,1
6407,396,,相互,電子零組件業,Unqualified,3,18.35,17.991875,0.019904818147080342,0,0,3,1.1,8.348194220927029,274.0,0,0,2026-01-29,1
6996,397,,力領科技,半導體業,Unqualified,6,163.0,159.64791666666667,0.020996724563166293,3,0,3,11.48384488,5.369465907771526,29.0,0,0,2026-01-29,1
6803,398,,崑鼎,綠能環保類,Unqualified,3,300.0,293.72291666666666,0.02137076468043154,1,0,2,13.225682298,4.679138505780243,68.5,0,0,2026-01-29,1
3118,399,,進階,生技醫療業,Unqualified,3,33.05,32.342083333333335,0.02188840648793483,0,0,3,1.7399999999999998,5.330554868118014,198.2,0,0,2026-01-29,1
6146,400,,耕興,其他電子類,Unqualified,3,179.5,175.6,0.02220956719817771,1,0,2,9.379999999999999,4.272423529333421,118.0,0,0,2026-01-29,1
2347,401,,聯強,電子通路業,Unqualified,3,66.8,65.34,0.022344658708294975,0,0,3,3.7600000000000002,5.4767977483511405,278.0,0,0,2026-01-29,1
2027,402,,大成鋼,鋼鐵工業,Unqualified,2,40.2,39.31000000000001,0.022640549478504024,0,0,2,1.625,4.059364713978524,196.5,0,0,2026-01-29,1
6486,403,,互動,通信網路業,Unqualified,3,80.3,78.48458333333333,0.02313086965062137,0,0,3,5.205728916,6.489781469998791,194.25,0,0,2026-01-29,1
6641,404,,基士德-KY,綠能環保,Unqualified,4,23.1,22.57770833333333,0.02313306819964403,1,0,3,2.9,5.396035898351583,97.0,0,0,2026-01-29,1
8182,405,,加高,電子零組件業,Unqualified,2,28.8,28.108541666666664,0.024599580495252904,0,0,2,1.7399999999999998,4.83045405430034,171.8,0,0,2026-01-29,1
2527,406,,宏璟,建材營造,Unqualified,4,29.35,28.633541666666666,0.025021645651588754,1,0,3,1.78,6.356066708787444,117.0,0,0,2026-01-29,1
8424,407,,惠普,建材營造,Unqualified,3,73.0,71.16458333333334,0.02579115313680133,0,0,3,4.32,6.048955814419024,388.25,0,0,2026-01-29,1
2064,408,,晉椿,鋼鐵工業,Unqualified,4,12.0,11.687291666666669,0.026756270165243415,2,0,2,0.8333333333333334,4.627956567423578,52.0,0,0,2026-01-29,1
1708,409,,東鹼,化學生技醫療,Unqualified,2,34.1,33.154375,0.02852187682621071,0,0,2,1.8800000000000001,4.816777753280424,154.75,0,0,2026-01-29,1
2816,410,,旺旺保,金融保險,Unqualified,3,28.85,28.018124999999998,0.029690602065627295,0,0,3,1.0999999999999999,5.167138989840679,147.0,0,0,2026-01-29,1
3567,411,,逸昌,半導體業,Unqualified,4,28.3,27.482291666666665,0.02975400826289665,1,0,3,2.24,6.635085744369019,118.75,0,0,2026-01-29,1
5608,412,,四維航,航運業,Unqualified,3,17.95,17.430625,0.02979669403707556,0,0,3,1.75,6.343760241310353,139.0,0,0,2026-01-29,1
5523,413,,豐謙,建材營造,Unqualified,2,30.5,29.609583333333333,0.030071908025273354,0,0,2,1.16,4.045476250757684,224.75,0,0,2026-01-29,1
3659,414,,百辰,光電業,Unqualified,5,28.5,27.650624999999998,0.030718112158405173,2,0,3,1.240000002,5.094015229676886,49.75,0,0,2026-01-29,1
2820,415,,華票,金融保險,Unqualified,3,16.35,15.861458333333333,0.03080055165167147,0,0,3,0.8200000000000001,5.046588948799235,409.5,0,0,2026-01-29,1
3038,416,,全台,電子工業,Unqualified,3,23.8,23.060416666666665,0.03207155117896839,0,0,3,1.42,5.135984539361047,201.5,0,0,2026-01-29,1
4183,417,,福永生技,生技醫療業,Unqualified,2,16.3,15.783541666666666,0.032721320996291034,0,0,2,0.8699999999999999,4.16286747798541,212.25,0,0,2026-01-29,1
6732,418,,昇佳電子,半導體業,Unqualified,3,199.5,193.16458333333333,0.0327980241374476,1,0,2,18.0,4.608374592907393,110.5,0,0,2026-01-29,1
2034,419,,允強,鋼鐵工業,Unqualified,3,22.35,21.623749999999998,0.03358575640210435,1,0,2,1.4895093433333333,4.976014813440689,78.0,0,0,2026-01-29,1
4736,420,,泰博,生技醫療業,Unqualified,3,134.0,129.62083333333334,0.03378443537240024,0,0,3,10.275492490000001,5.828730306801919,167.0,0,0,2026-01-29,1
3031,421,,佰鴻,電子工業,Unqualified,2,20.25,19.56791666666667,0.03485722803057715,0,0,2,0.89,4.518162913632426,140.6,0,0,2026-01-29,1
2324,422,,仁寶,電腦及週邊設備業,Unqualified,2,31.8,30.72375,0.03502990357622366,0,0,2,1.24,4.204798523120216,296.75,0,0,2026-01-29,1
6024,423,,群益期,金融保險,Unqualified,3,52.0,50.141875,0.03705734977002757,0,0,3,2.552,5.341545846603831,230.0,0,0,2026-01-29,1
2356,424,,英業達,電腦及週邊設備業,Unqualified,2,45.05,43.426249999999996,0.03739097895857923,0,0,2,1.59,4.463429627140008,127.8,0,0,2026-01-29,1
2546,425,,根基,建材營造,Unqualified,4,86.9,83.67166666666667,0.03858335159253438,1,0,3,3.5100000000000002,5.097404392958178,72.25,0,0,2026-01-29,1
2850,426,,新產,金融保險,Unqualified,5,113.5,109.2675,0.038735214038941146,2,0,3,3.966,5.491353966167781,35.0,0,0,2026-01-29,1
3323,427,,加百裕,電腦及週邊設備業,Unqualified,5,39.1,37.591458333333335,0.0401299053973919,3,0,2,1.62499598,4.228583946556145,10.75,0,0,2026-01-29,1
1342,428,,八貫,其他,Unqualified,4,94.3,90.45208333333333,0.04254094018472023,2,0,2,4.132287762,4.056565278395824,30.25,0,0,2026-01-29,1
4550,429,,長佳,電機機械,Unqualified,3,27.2,26.081666666666667,0.04287813917822221,0,0,3,1.766,6.164654588449783,210.25,0,0,2026-01-29,1
2501,430,,國建,建材營造,Unqualified,2,22.55,21.61,0.04349838037945402,0,0,2,0.82,4.004236267490431,224.4,0,0,2026-01-29,1
2371,431,,大同,電機機械,Unqualified,5,40.4,38.70125,0.04389393107457761,2,0,3,3.10526316,7.7923793224592215,37.0,0,0,2026-01-29,1
6797,432,,圓點奈米,生技醫療業,Unqualified,2,17.7,16.9425,0.04471004869411246,0,0,2,7.666666666666667,4.47575392182214,,0,0,2026-01-29,1
5493,433,,三聯,其他電子類,Unqualified,3,85.6,81.90416666666667,0.04512387444676187,1,0,2,2.62,4.307358436349151,76.75,0,0,2026-01-29,1
2382,434,,廣達,電腦及週邊設備業,Unqualified,4,283.0,270.65625,0.0456067428703383,1,0,3,7.959999999999999,5.610751584515794,92.4,0,0,2026-01-29,1
9960,435,,邁達康,運動休閒類,Unqualified,5,23.3,22.209375,0.04910651470381311,2,0,3,1.660080988,5.993603861871601,52.0,0,0,2026-01-29,1
5604,436,,中連,其他,Unqualified,3,37.9,36.091249999999995,0.05011602535240546,0,0,3,3.6700000000000004,5.29900971185853,,0,0,2026-01-29,1
5212,437,,凌網,資訊服務業,Unqualified,3,52.3,49.71833333333334,0.0519258489490796,0,0,3,2.8899999999999997,5.09814000072892,388.25,0,0,2026-01-29,1
6020,438,,大展證,金融業,Unqualified,5,19.75,18.7675,0.05235113893699224,2,0,3,1.1272092125,5.058992937343334,32.333333333333336,0,0,2026-01-29,1
4906,439,,正文,通信網路業,Unqualified,4,28.3,26.888541666666665,0.052492929919033135,2,0,2,1.399672238,4.614925325401383,55.2,0,0,2026-01-29,1
2459,440,,敦吉,電子工業,Unqualified,4,67.7,64.29083333333334,0.05302725894049173,1,0,3,3.3200000000000003,5.352557964528323,93.25,0,0,2026-01-29,1
6651,441,,全宇昕,半導體業,Unqualified,3,85.9,81.47375000000001,0.054327314012181785,0,0,3,4.800238938,5.249025115561659,126.66666666666667,0,0,2026-01-29,1
1720,442,,生達,生技醫療業,Unqualified,4,61.8,58.61333333333333,0.054367606915377634,2,0,2,2.46,4.447269991539489,58.5,0,0,2026-01-29,1
2851,443,,中再保,金融保險,Unqualified,3,26.75,25.321666666666665,0.05640755611136713,0,0,3,1.6,5.791140100707331,271.25,0,0,2026-01-29,1
3537,444,,堡達,電子零組件業,Unqualified,3,48.4,45.76083333333334,0.05767304645530189,0,0,3,2.56,6.116692190811088,133.0,0,0,2026-01-29,1
6596,445,,寬宏藝術,文化創意業,Unqualified,3,140.0,132.32083333333333,0.05803444909783676,0,0,3,4.5,6.20916949793843,252.66666666666666,0,0,2026-01-29,1
3633,446,,云光,光電業,Unqualified,4,88.3,83.43916666666668,0.05825601486112617,1,0,3,4.7,7.147838757519784,74.0,0,0,2026-01-29,1
6776,447,,展碁國際,電子通路業,Unqualified,3,58.3,55.03208333333334,0.059382027150828506,0,0,3,3.04,5.667692060229129,262.25,0,0,2026-01-29,1
6898,448,,程曦資訊,資訊服務業,Unqualified,2,123.5,116.485,0.06022234622483582,0,0,2,5.166666666666667,4.2004627167883255,201.33333333333334,0,0,2026-01-29,1
6174,449,,安碁,電子零組件業,Unqualified,5,22.45,21.16645833333333,0.06064036063347088,3,0,2,1.21,4.11354039712943,16.5,0,0,2026-01-29,1
5471,450,,松翰,電子工業,Unqualified,4,37.65,35.48979166666666,0.06086844221636514,1,0,3,3.4799999999999995,5.2020068864126525,62.5,0,0,2026-01-29,1
8938,451,,明安,運動休閒類,Unqualified,5,71.0,66.92208333333333,0.06093529166381302,3,0,2,4.352697824000001,4.8950199408943345,12.666666666666666,0,0,2026-01-29,1
6662,452,,樂斯科,生技醫療業,Unqualified,3,30.55,28.779375,0.061524094946467704,1,0,2,1.51,4.527531764159322,85.25,0,0,2026-01-29,1
4417,453,,金洲,紡織纖維,Unqualified,3,51.8,48.797708333333325,0.06152525946829823,0,0,3,2.46,6.0744586262277735,239.0,0,0,2026-01-29,1
1612,454,,宏泰,電器電纜,Unqualified,3,37.7,35.455000000000005,0.0633197010294739,0,0,3,1.92,6.872546801915563,151.6,0,0,2026-01-29,1
6951,455,,青新-創,綠能環保,Unqualified,3,77.7,72.89125,0.06597156723200663,1,0,2,3.075,4.308109827623914,79.5,0,0,2026-01-29,1
1712,456,,興農,化學生技醫療,Unqualified,3,45.8,42.939375000000005,0.06662008937018742,0,0,3,2.2399999999999998,5.95529827854674,178.8,0,0,2026-01-29,1
5201,457,,凱衛,資訊服務業,Unqualified,2,44.9,42.07124999999999,0.06723712749205234,0,0,2,1.52,4.410781021278606,218.2,0,0,2026-01-29,1
6613,458,,朋億*,其他電子類,Unqualified,5,197.0,184.39166666666668,0.068377999728838,3,0,2,6.3481661575,4.234251055031217,20.0,0,0,2026-01-29,1
9927,459,,泰銘,其他,Unqualified,4,70.9,66.28208333333333,0.0696706626350762,1,0,3,4.13,7.242253889924571,97.2,0,0,2026-01-29,1
6723,460,,傑智環境,綠能環保,Unqualified,2,45.25,42.300625,0.0697241471018455,0,0,2,1.5666666666666667,4.620516038034823,121.0,0,0,2026-01-29,1
2010,461,,春源,鋼鐵工業,Unqualified,3,21.25,19.857916666666668,0.07010218426739959,1,0,2,0.96,4.438012168401536,97.66666666666667,0,0,2026-01-29,1
5538,462,,東明-KY,鋼鐵工業,Unqualified,4,31.65,29.56875,0.07038681039949261,2,0,2,1.895475364,4.739740135251168,38.0,0,0,2026-01-29,1
4568,463,,科際精密,電機機械,Unqualified,5,42.7,39.86,0.07124937280481694,2,0,3,3.2608996159999997,5.2131265303623175,44.0,0,0,2026-01-29,1
5520,464,,力泰,建材營造,Unqualified,3,88.8,82.86458333333333,0.07162790697674422,0,0,3,4.3,6.144442892914233,273.4,0,0,2026-01-29,1
5223,465,,安力-KY,電腦及週邊設備業,Unqualified,3,28.3,26.401458333333334,0.07191048474279356,0,0,3,2.704865873333333,5.527585622018303,122.5,0,0,2026-01-29,1
2606,466,,裕民,航運業,Unqualified,4,62.6,58.373124999999995,0.07241131942139481,2,0,2,2.56,4.865026111019328,57.4,0,0,2026-01-29,1
3171,467,,炎洲流通,居家生活類,Unqualified,3,47.9,44.65625,0.07263820853743874,0,0,3,1.884,6.978994353191057,280.2,0,0,2026-01-29,1
2477,468,,美隆電,電子工業,Unqualified,3,25.3,23.582499999999996,0.07282942860171758,1,0,2,1.1099999999999999,4.631681996829252,98.8,0,0,2026-01-29,1
2006,469,,東和鋼鐵,鋼鐵工業,Unqualified,3,70.8,65.91875,0.07404949274675254,0,0,3,3.9200000000000004,5.486481649731216,301.5,0,0,2026-01-29,1
5547,470,,久舜,建材營造,Unqualified,2,26.05,24.248333333333335,0.07430063921919028,0,0,2,0.968,4.218342464377417,205.8,0,0,2026-01-29,1
3231,471,,緯創,電腦及週邊設備業,Unqualified,4,132.5,123.28333333333333,0.07476003785318373,2,0,2,2.679432912,4.714828248822192,44.2,0,0,2026-01-29,1
7713,472,,威力德生醫,生技醫療業,Unqualified,5,70.6,65.65333333333334,0.07534524776604373,3,0,2,2.8339999999999996,4.320763329881871,11.5,0,0,2026-01-29,1
2617,473,,台航,航運業,Unqualified,6,31.5,29.26020833333333,0.07654735882775962,3,0,3,1.64,5.182504888506226,29.0,0,0,2026-01-29,1
1325,474,,恆大,塑膠工業,Unqualified,4,32.25,29.917291666666664,0.07797190866486087,1,0,3,3.08,5.15824349110933,62.25,0,0,2026-01-29,1
3669,475,,圓展,電子工業,Unqualified,6,36.8,34.096250000000005,0.07929757671298139,3,0,3,2.654,5.029354092863445,30.0,0,0,2026-01-29,1
5245,476,,智晶,光電業,Unqualified,6,28.05,25.922500000000003,0.08207155945607088,3,0,3,2.6607584166666665,5.279520821895712,6.5,0,0,2026-01-29,1
6560,477,,欣普羅,光電業,Unqualified,3,41.75,38.539791666666666,0.0832959441270116,0,0,3,2.9677470133333337,5.361740191679831,371.5,0,0,2026-01-29,1
4987,478,,科誠,電腦及週邊設備業,Unqualified,3,81.4,75.13625,0.08336521985060476,0,0,3,3.6399999999999997,5.2873190461328985,198.5,0,0,2026-01-29,1
2211,479,,長榮鋼,鋼鐵工業,Unqualified,4,103.0,94.80791666666666,0.08640716536505841,1,0,3,4.3183149720000005,5.423755682214113,100.5,0,0,2026-01-29,1
2493,480,,揚博,電子零組件業,Unqualified,5,112.5,103.49,0.08706155184075762,2,0,3,3.65,5.297145457054488,43.75,0,0,2026-01-29,1
1409,481,,新纖,紡織纖維,Unqualified,3,15.2,13.981458333333334,0.08715411780483068,0,0,3,0.93,5.12730996911693,202.0,0,0,2026-01-29,1
6023,482,,元大期,金融業,Unqualified,3,94.5,86.88458333333332,0.08764980361878556,0,0,3,3.4799999999999995,5.148521800472371,189.6,0,0,2026-01-29,1
6881,483,,潤德,其他,Unqualified,2,225.5,207.15833333333333,0.08853936200168953,0,0,2,9.765666666666666,4.6714940539267635,197.0,0,0,2026-01-29,1
8924,484,,大田,運動休閒類,Unqualified,3,72.7,66.7475,0.0891793700138582,0,0,3,8.03,7.069659459648842,123.66666666666667,0,0,2026-01-29,1
4949,485,,有成精密,電子工業,Unqualified,5,46.05,42.27729166666666,0.08923722841754096,3,0,2,1.9998550833333333,4.190608288131538,17.5,0,0,2026-01-29,1
4105,486,,東洋,生技醫療業,Unqualified,2,85.1,78.05833333333334,0.0902103128002561,0,0,2,3.62,4.616034412979583,262.2,0,0,2026-01-29,1
6525,487,,捷敏-KY,半導體業,Unqualified,3,79.7,73.01958333333332,0.0914880140601554,0,0,3,4.64,5.6539190827031085,438.0,0,0,2026-01-29,1
5016,488,,松和,鋼鐵工業,Unqualified,3,25.4,23.176041666666666,0.09595936896040266,0,0,3,1.72,5.1244635617134175,229.0,0,0,2026-01-29,1
2221,489,,大甲,其他,Unqualified,6,30.8,28.085416666666667,0.09665455084934353,3,0,3,2.12,5.753312885227238,15.0,0,0,2026-01-29,1
8213,490,,志超,電子零組件業,Unqualified,3,36.3,33.053958333333334,0.09820432499889689,0,0,3,2.376,5.415571497690724,177.25,0,0,2026-01-29,1
8081,491,,致新,電子工業,Unqualified,3,247.0,224.56875,0.09988589240488717,0,0,3,13.9,6.209728969862391,267.25,0,0,2026-01-29,1
2637,492,,慧洋-KY,航運業,Unqualified,4,71.2,64.71583333333334,0.10019443979448615,1,0,3,4.09,5.668975163128225,110.0,0,0,2026-01-29,1
1308,493,,亞聚,塑膠工業,Unqualified,5,14.1,12.8125,0.10048780487804876,3,0,2,1.2200000000000002,4.474767980370406,14.4,0,0,2026-01-29,1
5315,494,,光聯,光電業,Unqualified,3,24.75,22.471041666666668,0.10141756519965504,0,0,3,1.244165592,6.142133280728517,144.0,0,0,2026-01-29,1
5511,495,,德昌,建材營造,Unqualified,4,68.0,61.698750000000004,0.10212929759517,1,0,3,3.04,5.8937410618065105,94.5,0,0,2026-01-29,1
2883,496,,凱基金,金融保險,Unqualified,2,18.15,16.395208333333336,0.10703076356150777,0,0,2,0.7251146975,4.874544195614911,184.25,0,0,2026-01-29,1
6116,497,,彩晶,光電業,Unqualified,3,8.5,7.662125,0.10935282313979482,0,0,3,0.747765215,5.255215025450771,186.0,0,0,2026-01-29,1
8083,498,,瑞穎,電機機械,Unqualified,3,173.0,155.70416666666668,0.11108137761245943,0,0,3,8.8,5.081736518539576,159.0,0,0,2026-01-29,1
3071,499,,協禧,電腦及週邊設備業,Unqualified,3,24.4,21.943958333333335,0.11192336539100536,1,0,2,1.340274818,4.780629367768985,93.5,0,0,2026-01-29,1
4305,500,,世坤,塑膠工業,Unqualified,5,42.0,37.61208333333333,0.11666242009992364,2,0,3,2.2600000000000002,5.785871858428009,42.0,0,0,2026-01-29,1
3689,501,,湧德,電子零組件業,Unqualified,5,111.0,99.39958333333334,0.11670488223039158,3,0,2,2.245965102,4.0338667965447526,5.6,0,0,2026-01-29,1
2731,502,,雄獅,觀光餐旅,Unqualified,2,172.5,154.25416666666666,0.1182842170659896,0,0,2,7.75,4.812885802469136,153.5,0,0,2026-01-29,1
6672,503,,騰輝電子-KY,電子零組件業,Unqualified,3,94.5,84.46083333333333,0.1188617998480559,1,0,2,4.0200000000000005,4.570924974058377,97.6,0,0,2026-01-29,1
2905,504,,三商,貿易百貨,Unqualified,3,15.4,13.755416666666667,0.11955896162117953,0,0,3,1.0,5.0621491579791495,322.0,0,0,2026-01-29,1
6432,505,,今展科,電子零組件業,Unqualified,3,33.35,29.770625000000003,0.12023177209077736,1,0,2,1.462686368,4.297957089309276,118.0,0,0,2026-01-29,1
8416,506,,實威,資訊服務業,Unqualified,3,184.5,164.46875,0.1217936538096143,0,0,3,7.8,5.276991891700702,264.2,0,0,2026-01-29,1
6204,507,,艾華,電子零組件業,Unqualified,3,75.9,67.65770833333333,0.12182339410697855,0,0,3,5.44625,6.374720519964004,289.75,0,0,2026-01-29,1
5007,508,,三星,鋼鐵工業,Unqualified,2,60.0,53.349583333333335,0.1246573309694702,0,0,2,2.766,4.8839956852483954,284.4,0,0,2026-01-29,1
4953,509,,緯軟,資訊服務業,Unqualified,3,124.5,110.68291666666667,0.12483483223472452,1,0,2,4.703748508,4.59879165467331,85.4,0,0,2026-01-29,1
5267,510,,龍翩,光電業,Unqualified,4,27.0,23.966458333333332,0.12657446605064376,1,0,3,2.2226679359999997,6.198733311834407,84.75,0,0,2026-01-29,1
8048,511,,德勝,通信網路業,Unqualified,2,53.0,46.968125,0.12842486260628883,0,0,2,2.3200000000000003,4.948885620946599,246.2,0,0,2026-01-29,1
2235,512,,謚源,電機機械,Unqualified,4,35.5,31.396250000000002,0.13070828522514624,1,0,3,2.6,5.749396059474027,95.33333333333333,0,0,2026-01-29,1
2937,513,,集雅社,居家生活類,Unqualified,2,44.1,38.920416666666675,0.13308139472641803,0,0,2,1.7454905240000003,4.449846797754963,492.8,0,0,2026-01-29,1
6164,514,,華興,電子工業,Unqualified,2,12.65,11.132791666666666,0.1362828281316083,0,0,2,0.525,4.345816787621525,173.5,0,0,2026-01-29,1
6721,515,,信實,其他,Unqualified,4,62.1,54.645833333333336,0.13640869233701866,1,0,3,3.11111111,5.366420215844668,94.6,0,0,2026-01-29,1
6275,516,,元山,電子零組件業,Unqualified,4,51.5,45.298541666666665,0.13690194220748464,2,0,2,1.772663456,4.369084188791986,55.4,0,0,2026-01-29,1
6191,517,,精成科,電子工業,Unqualified,4,111.0,97.53999999999999,0.13799466885380365,2,0,2,2.29702639,4.287237106698802,59.2,0,0,2026-01-29,1
3026,518,,禾伸堂,電子零組件業,Unqualified,3,104.5,91.79541666666667,0.13840106396016502,0,0,3,6.5,6.185325229320883,401.75,0,0,2026-01-29,1
8905,519,,裕國,其他,Unqualified,4,31.95,28.0275,0.13995183302113992,1,0,3,1.425,5.1594522267087966,118.0,0,0,2026-01-29,1
6210,520,,慶生,電子零組件業,Unqualified,3,21.0,18.396666666666665,0.14151114332306589,0,0,3,2.6666666666666665,6.697441960144038,,0,0,2026-01-29,1
3556,521,,禾瑞亞,半導體業,Unqualified,4,45.0,39.38208333333333,0.14265158648708717,2,0,2,3.166,4.923898336504761,42.0,0,0,2026-01-29,1
5434,522,,崇越,電子通路業,Unqualified,3,330.0,288.3666666666667,0.1443763726736793,1,0,2,8.756498537999999,4.386663114831852,87.6,0,0,2026-01-29,1
6470,523,,宇智,通信網路業,Unqualified,3,53.5,46.70645833333333,0.1454518691651316,0,0,3,3.098031504,5.1798074161649135,149.2,0,0,2026-01-29,1
6261,524,,久元,半導體業,Unqualified,3,71.6,62.48375,0.1458979334627002,0,0,3,4.4,6.225071929820645,217.75,0,0,2026-01-29,1
7558,525,,群利科技,其他,Unqualified,6,12.6,10.972083333333334,0.14836896669578087,3,0,3,2.015288485,6.7795160083577715,0.0,0,0,2026-01-29,1
5515,526,,建國,建材營造,Unqualified,4,32.6,28.33395833333333,0.15056285523113472,1,0,3,1.194317458,6.412112823402744,110.0,0,0,2026-01-29,1
3455,527,,由田,光電業,Unqualified,3,111.0,96.45833333333333,0.15075593952483807,1,0,2,3.9,4.6782169665405675,88.4,0,0,2026-01-29,1
4745,528,,合富-KY,生技醫療業,Unqualified,2,21.7,18.811875,0.15352669523904441,0,0,2,1.175,4.225685627920243,172.33333333333334,0,0,2026-01-29,1
6270,529,,倍微,電子通路業,Unqualified,4,26.1,22.62541666666667,0.1535699158394872,1,0,3,1.3800000000000001,5.60725132702066,80.0,0,0,2026-01-29,1
6192,530,,巨路,電子工業,Unqualified,3,120.0,103.89416666666666,0.15502153633906302,0,0,3,4.38,5.032068980522192,232.4,0,0,2026-01-29,1
5878,531,,台名,金融業,Unqualified,3,41.45,35.867916666666666,0.15562886981169347,0,0,3,2.627999998,5.375821742544574,329.0,0,0,2026-01-29,1
5209,532,,新鼎,其他,Unqualified,3,176.0,152.10625,0.15708591856021703,0,0,3,9.529459042500001,7.5648056005263085,143.33333333333334,0,0,2026-01-29,1
2399,533,,映泰,電腦及週邊設備業,Unqualified,3,24.65,21.2625,0.15931804820693707,1,0,2,0.73,4.265251258013373,108.5,0,0,2026-01-29,1
2535,534,,達欣工,建材營造,Unqualified,3,69.9,60.29291666666667,0.1593401657187481,0,0,3,2.851653816,6.680984754679041,200.4,0,0,2026-01-29,1
1570,535,,力肯,電機機械,Unqualified,3,31.05,26.748749999999998,0.16080190663115113,1,0,2,1.02,4.724329618967563,67.0,0,0,2026-01-29,1
2030,536,,彰源,鋼鐵工業,Unqualified,3,17.55,15.117291666666667,0.16092223309400114,1,0,2,1.042313328,4.728175796925179,74.75,0,0,2026-01-29,1
4544,537,,春日,電機機械,Unqualified,3,15.5,13.301666666666668,0.16526751033705042,0,0,3,1.136,5.278372671300026,191.33333333333334,0,0,2026-01-29,1
8240,538,,華宏,光電業,Unqualified,3,42.3,36.224375,0.1677220103866525,1,0,2,1.56,4.78031973414072,113.8,0,0,2026-01-29,1
6202,539,,盛群,半導體業,Unqualified,5,48.95,41.89958333333333,0.16826937419823199,2,0,3,4.1907,5.013218692661823,45.5,0,0,2026-01-29,1
6168,540,,宏齊,電子工業,Unqualified,4,22.15,18.9575,0.1684030067255703,2,0,2,1.0505499999999999,4.412103450263827,47.0,0,0,2026-01-29,1
2882,541,,國泰金,金融保險,Unqualified,2,76.4,65.23583333333333,0.17113549557375177,0,0,2,2.875,4.933165046654236,230.0,0,0,2026-01-29,1
6816,542,,捷智商訊,資訊服務業,Unqualified,2,39.7,33.88458333333333,0.17162426373842593,0,0,2,2.56,4.414607389385518,137.33333333333334,0,0,2026-01-29,1
2515,543,,中工,建材營造,Unqualified,2,14.05,11.965,0.1742582532386127,0,0,2,0.45325000000000004,4.212315619584342,186.5,0,0,2026-01-29,1
8109,544,,博大,電子零組件業,Unqualified,2,109.0,92.65791666666668,0.17637007091496934,0,0,2,4.178946226,4.7690839741535225,160.2,0,0,2026-01-29,1
6904,545,,伯鑫,其他,Unqualified,3,132.5,112.325,0.17961273091475627,1,0,2,5.6000000000000005,4.033975008443093,101.0,0,0,2026-01-29,1
8249,546,,菱光,電子零組件業,Unqualified,5,63.3,53.59708333333333,0.1810344157409063,3,0,2,1.5149856659999998,4.726477475400468,29.4,0,0,2026-01-29,1
2323,547,,中環,電子工業,Unqualified,3,10.75,9.069541666666668,0.18528591577119374,0,0,3,0.68,5.271317829457364,,0,0,2026-01-29,1
8034,548,,榮群,通信網路業,Unqualified,2,24.8,20.87458333333333,0.1880476656220685,0,0,2,0.8999999999999999,4.555927089101516,143.0,0,0,2026-01-29,1
4927,549,,泰鼎-KY,電子零組件業,Unqualified,2,32.65,27.44729166666667,0.18955270328736126,0,0,2,3.0,4.684445825975528,136.0,0,0,2026-01-29,1
3498,550,,陽程,其他電子類,Unqualified,2,54.8,45.985208333333325,0.19168754445496528,0,0,2,2.0,4.132231404958678,373.0,0,0,2026-01-29,1
6750,551,,泰創工程,其他電子業,Unqualified,2,55.4,46.47666666666667,0.1919959836477085,0,0,2,1.26,4.039724212453992,193.25,0,0,2026-01-29,1
8436,552,,大江,生技醫療業,Unqualified,3,153.5,128.05625,0.19869198106300937,1,0,2,7.376673464,4.456360822778338,81.8,0,0,2026-01-29,1
6664,553,,群翊,電子零組件業,Unqualified,4,286.0,236.80208333333334,0.2077596445695684,2,0,2,6.755037971999999,4.751415283085987,45.4,0,0,2026-01-29,1
6190,554,,萬泰科,通信網路業,Unqualified,5,50.1,41.446875,0.2087762949558924,3,0,2,1.492398714,4.173172992326739,2.8,0,0,2026-01-29,1
3090,555,,日電貿,電子零組件業,Unqualified,3,94.5,77.98916666666666,0.21170675414320372,0,0,3,4.04,6.644238293614618,166.0,0,0,2026-01-29,1
2891,556,,中信金,金融保險,Unqualified,3,52.0,42.85729166666667,0.2133291203849986,1,0,2,1.480114532,4.696797004339254,97.6,0,0,2026-01-29,1
3402,557,,漢科,其他電子類,Unqualified,5,134.5,110.61833333333334,0.21589248316282708,2,0,3,3.08,5.2755491341263285,43.4,0,0,2026-01-29,1
3030,558,,德律,電子工業,Unqualified,2,181.5,149.08083333333335,0.21746032633302953,0,0,2,3.88,4.635134661446076,274.2,0,0,2026-01-29,1
3010,559,,華立,電子通路業,Unqualified,5,124.0,101.83416666666668,0.21766597654683667,2,0,3,5.51007519,5.569751434926444,51.5,0,0,2026-01-29,1
1215,560,,卜蜂,食品工業,Unqualified,2,150.5,123.48,0.2188208616780045,0,0,2,4.2,4.250670155251623,240.6,0,0,2026-01-29,1
3028,561,,增你強,電子工業,Unqualified,3,41.85,34.04,0.22943595769682734,0,0,3,2.4246574080000003,7.353907833009463,163.4,0,0,2026-01-29,1
6654,562,,天正國際,其他電子類,Unqualified,3,92.0,74.75604166666668,0.23066976192002303,1,0,2,2.3333333333333335,4.1856865875649145,78.0,0,0,2026-01-29,1
2612,563,,中航,航運業,Unqualified,5,62.9,50.88,0.23624213836477978,3,0,2,1.9120000000000001,4.172818971037625,23.8,0,0,2026-01-29,1
2885,564,,元大金,金融保險,Unqualified,2,42.95,34.6,0.24132947976878616,0,0,2,1.23,4.394079420393105,166.4,0,0,2026-01-29,1
3036,565,,文曄,電子通路業,Unqualified,3,159.0,127.60291666666667,0.24605302256022094,1,0,2,4.062537674,4.75857188522715,97.4,0,0,2026-01-29,1
6856,566,,鑫傳,文化創意業,Unqualified,5,56.0,44.753750000000004,0.25129179119068223,2,0,3,3.7537715074999998,5.407861858538564,49.5,0,0,2026-01-29,1
6005,567,,群益證,金融保險,Unqualified,3,30.45,24.324583333333333,0.2518200037684784,0,0,3,1.1940000000000002,6.853585052658216,132.6,0,0,2026-01-29,1
8111,568,,立碁,光電業,Unqualified,3,68.9,54.96208333333333,0.2535914911037156,1,0,2,1.1800000000000002,4.934443287652967,110.4,0,0,2026-01-29,1
1312,569,,國喬,塑膠工業,Unqualified,4,13.4,10.685333333333334,0.2540554030446717,2,0,2,0.8666666666666667,4.258666419276435,47.666666666666664,0,0,2026-01-29,1
4121,570,,優盛,生技醫療業,Unqualified,5,19.35,15.429374999999999,0.25410134888807895,3,0,2,1.1403968266666666,4.835105711152395,7.666666666666667,0,0,2026-01-29,1
2472,571,,立隆電,電子零組件業,Unqualified,2,111.5,88.86208333333333,0.254753386568137,0,0,2,3.105023916,4.566892848322798,140.8,0,0,2026-01-29,1
3048,572,,益登,電子工業,Unqualified,3,40.85,32.55479166666667,0.25480760000767944,0,0,3,2.075,6.441768656567872,294.75,0,0,2026-01-29,1
8091,573,,翔名,半導體業,Unqualified,4,142.5,113.43625,0.25621218966600184,1,0,3,4.857974378,5.078132069086055,74.2,0,0,2026-01-29,1
6761,574,,穩得,電子零組件業,Unqualified,3,147.0,117.00208333333333,0.2563878848311106,1,0,2,4.704086044,4.844049596337093,70.4,0,0,2026-01-29,1
6026,575,,福邦證,金融業,Unqualified,3,15.3,12.174375000000001,0.25673802556599407,0,0,3,0.9512599724999999,6.399295744956918,289.0,0,0,2026-01-29,1
2249,576,,湧盛,電機機械,Unqualified,5,129.0,102.47375000000001,0.2588589760792397,3,0,2,2.877073528,4.086962983467587,8.0,0,0,2026-01-29,1
5262,577,,立達,半導體業,Unqualified,5,40.95,32.276875,0.26871018337432007,2,0,3,2.1,5.628765882198839,33.5,0,0,2026-01-29,1
2069,578,,運錩,鋼鐵工業,Unqualified,3,20.75,16.338125,0.27003557629776964,0,0,3,1.09375,5.313960494032904,207.33333333333334,0,0,2026-01-29,1
6862,579,,三集瑞-KY,電子零組件業,Unqualified,5,195.5,152.94375,0.27824772179314294,3,0,2,6.0,4.240282685512367,30.0,0,0,2026-01-29,1
2404,580,,漢唐,電子工業,Unqualified,3,950.0,742.5479166666667,0.27937871573944445,0,0,3,18.825059346,6.245448277974161,172.0,0,0,2026-01-29,1
8342,581,,益張,其他,Unqualified,3,84.0,65.55416666666666,0.2813830801500033,0,0,3,3.94,6.005684819707972,153.2,0,0,2026-01-29,1
3426,582,,台興,電機機械,Unqualified,3,46.2,35.989375,0.28371220672768005,0,0,3,2.16,5.232424473899533,143.4,0,0,2026-01-29,1
3357,583,,臺慶科,電子零組件業,Unqualified,4,158.5,123.32875,0.2851828953102987,2,0,2,5.32,4.874084138273189,37.8,0,0,2026-01-29,1
2855,584,,統一證,金融保險,Unqualified,3,30.2,23.494791666666668,0.2853912657947239,0,0,3,1.24,5.641581449199129,321.2,0,0,2026-01-29,1
6220,585,,岳豐,電子零組件業,Unqualified,4,28.1,21.852291666666666,0.28590632180072656,2,0,2,1.125804808,4.35153942793894,46.2,0,0,2026-01-29,1
3211,586,,順達,電腦及週邊設備業,Unqualified,3,331.0,255.74375,0.2942642782081673,0,0,3,9.118822,7.741629657716439,255.0,0,0,2026-01-29,1
1780,587,,立弘,生技醫療業,Unqualified,2,24.65,19.003750000000004,0.29711241202394234,0,0,2,0.8699999999999999,4.979047236890174,227.8,0,0,2026-01-29,1
6015,588,,宏遠證,金融業,Unqualified,3,14.25,10.876458333333336,0.3101691344072631,0,0,3,0.7625,5.397576812690282,351.5,0,0,2026-01-29,1
3684,589,,榮昌,通信網路業,Unqualified,5,55.6,42.429583333333326,0.31040645775844317,3,0,2,1.9799999999999998,4.152533624495228,15.0,0,0,2026-01-29,1
6016,590,,康和證,金融業,Unqualified,3,16.75,12.776250000000001,0.3110263183641521,0,0,3,0.91125,6.991563974026582,225.5,0,0,2026-01-29,1
2832,591,,台產,金融保險,Unqualified,2,49.2,37.466458333333335,0.31317456169129054,0,0,2,1.23,4.698382469202331,225.8,0,0,2026-01-29,1
6788,592,,華景電,半導體業,Unqualified,5,321.0,244.04583333333332,0.3153266975124209,3,0,2,6.6,4.136431047723518,17.6,0,0,2026-01-29,1
6691,593,,洋基工程,電子工業,Unqualified,2,613.0,463.07916666666665,0.3237477393174314,0,0,2,14.309999999999999,4.433926872458795,239.4,0,0,2026-01-29,1
3221,594,,台嘉碩,通信網路業,Unqualified,3,28.0,20.84541666666667,0.34322093185952135,1,0,2,1.175410165,4.015572097479106,88.0,0,0,2026-01-29,1
4958,595,,臻鼎-KY,電子零組件業,Unqualified,3,178.0,132.49666666666667,0.343430023396815,1,0,2,4.715,4.228367800672319,73.8,0,0,2026-01-29,1
6290,596,,良維,電子零組件業,Unqualified,2,164.0,121.65124999999999,0.34811602840085915,0,0,2,3.116315,4.116967913044928,121.6,0,0,2026-01-29,1
1608,597,,華榮,電器電纜,Unqualified,5,40.5,29.908125,0.3541470754184691,3,0,2,0.9199999999999999,4.125543349495824,14.4,0,0,2026-01-29,1
8499,598,,鼎炫-KY,電子工業,Unqualified,2,316.5,232.78125,0.3596455900120822,0,0,2,6.01207809,4.395938982690968,328.2,0,0,2026-01-29,1
2478,599,,大毅,電子零組件業,Unqualified,2,68.2,50.090625,0.36153222284609143,0,0,2,2.263616,4.244352012068826,412.2,0,0,2026-01-29,1
5469,600,,瀚宇博,電子零組件業,Unqualified,4,101.5,73.91416666666666,0.37321442664351684,2,0,2,2.186770884,4.717647595165172,42.6,0,0,2026-01-29,1
6138,601,,茂達,半導體業,Unqualified,5,267.0,193.10416666666666,0.382673427554213,3,0,2,7.438366189999999,4.6120323007828645,25.0,0,0,2026-01-29,1
2441,602,,超豐,電子工業,Unqualified,3,91.9,65.82875,0.39604656020355855,0,0,3,3.46,5.244323609596419,229.2,0,0,2026-01-29,1
3372,603,,典範,半導體業,Unqualified,3,22.1,15.7875,0.3998416468725259,0,0,3,0.7490998,5.288789626201137,173.0,0,0,2026-01-29,1
6126,604,,信音,電子零組件業,Unqualified,4,37.95,27.011458333333334,0.4049593151054723,2,0,2,1.1541658399999999,4.435252637296742,35.4,0,0,2026-01-29,1
5291,605,,邑昇,電子零組件業,Unqualified,2,37.0,26.242291666666667,0.4099378388891976,0,0,2,1.6710615633333334,4.766324257983362,478.3333333333333,0,0,2026-01-29,1
3265,606,,台星科,半導體業,Unqualified,3,144.0,101.04875,0.42505473843070796,1,0,2,3.5858768,4.711543372503395,115.6,0,0,2026-01-29,1
8112,607,,至上,電子通路業,Unqualified,4,80.5,56.454166666666666,0.42593549339434644,1,0,3,3.75717457,7.421016561863699,81.6,0,0,2026-01-29,1
3709,608,,鑫聯大投控,電腦及週邊設備業,Unqualified,5,62.1,43.098333333333336,0.4408909857303066,3,0,2,1.16,4.030470204744054,21.2,0,0,2026-01-29,1
4722,609,,國精化,化學生技醫療,Unqualified,2,160.5,111.359375,0.44127964080258175,0,0,2,1.6992491539999999,4.070972400311742,132.4,0,0,2026-01-29,1
7709,610,,榮田,電機機械,Unqualified,3,57.8,40.0875,0.4418459619582164,1,0,2,2.15,4.337945273018612,106.5,0,0,2026-01-29,1
2467,611,,志聖,電子零組件業,Unqualified,2,257.0,177.84166666666667,0.4451056651515861,0,0,2,3.42240756,4.702148184752314,213.6,0,0,2026-01-29,1
6727,612,,亞泰金屬,電子零組件業,Unqualified,2,176.5,122.02791666666666,0.4463903410080345,0,0,2,2.894173544,4.104858059079405,123.2,0,0,2026-01-29,1
3044,613,,健鼎,電子零組件業,Unqualified,3,387.0,265.5208333333333,0.4575127500980778,0,0,3,7.92,5.112272991835054,199.0,0,0,2026-01-29,1
8390,614,,金益鼎,綠能環保類,Unqualified,4,104.0,70.3125,0.4791111111111111,2,0,2,1.996,4.1877821495184016,38.4,0,0,2026-01-29,1
2303,615,,聯電,電子工業,Unqualified,3,68.4,45.998125,0.4870171338505646,0,0,3,2.762658395,5.310317749598787,219.5,0,0,2026-01-29,1
3481,616,,群創,電子工業,Unqualified,5,21.3,14.278333333333332,0.4917707482199138,2,0,3,0.7013746433333333,5.153808517077876,48.333333333333336,0,0,2026-01-29,1
6257,617,,矽格,電子工業,Unqualified,5,131.5,87.23708333333333,0.5073864803289886,3,0,2,2.864670856,4.567680649944508,15.0,0,0,2026-01-29,1
8103,618,,瀚荃,電子工業,Unqualified,5,88.8,58.564375000000005,0.5162801617877761,3,0,2,1.898639666,4.438058694511001,22.6,0,0,2026-01-29,1
5347,619,,世界,半導體業,Unqualified,2,147.0,96.57999999999998,0.5220542555394494,0,0,2,4.299640618,4.3180301518499205,183.8,0,0,2026-01-29,1
8039,620,,台虹,電子零組件業,Unqualified,2,90.3,58.20666666666666,0.5513686862902303,0,0,2,2.0629785800000002,4.293225175768335,264.8,0,0,2026-01-29,1
2369,621,,菱生,半導體業,Unqualified,2,28.15,18.126875,0.552942799020791,0,0,2,0.79456324,4.6310407601478225,183.0,0,0,2026-01-29,1
6599,622,,普達系統,電腦及週邊設備業,Unqualified,2,63.2,38.769375,0.6301526656026828,0,0,2,1.374,4.314498609855338,150.6,0,0,2026-01-29,1
4973,623,,廣穎,半導體業,Unqualified,3,51.0,31.23708333333333,0.6326748389334259,1,0,2,1.4,4.744221365787441,65.2,0,0,2026-01-29,1
4577,624,,達航科技,其他電子類,Unqualified,3,53.5,32.54,0.6441303011677936,0,0,3,1.517938,5.009482464339549,226.0,0,0,2026-01-29,1
8271,625,,宇瞻,電子工業,Unqualified,2,119.5,71.34583333333333,0.6749401389943351,0,0,2,2.66382628,4.81447169731509,158.6,0,0,2026-01-29,1
3711,626,,日月光投控,電子工業,Unqualified,2,310.0,179.93541666666667,0.7228403709664347,0,0,2,6.095810882,4.971042226071323,219.8,0,0,2026-01-29,1
6239,627,,力成,電子工業,Unqualified,3,255.5,144.22708333333333,0.7715119386384319,0,0,3,6.56,5.5044216796983845,168.6,0,0,2026-01-29,1
6274,628,,台燿,電子零組件業,Unqualified,2,510.0,285.04583333333335,0.7891859496279837,0,0,2,4.863532636,4.647324590297896,176.2,0,0,2026-01-29,1
8088,629,,品安,半導體業,Unqualified,2,65.7,36.60958333333334,0.7946120665126387,0,0,2,1.5399999999999998,4.888980261011183,137.2,0,0,2026-01-29,1
8150,630,,南茂,電子工業,Unqualified,3,62.2,33.64145833333334,0.8489091460809143,0,0,3,2.365992522,5.5255810113232915,258.8,0,0,2026-01-29,1
3264,631,,欣銓,半導體業,Unqualified,2,157.0,84.77291666666666,0.8520065862229979,0,0,2,2.860017872,4.399013336572646,219.4,0,0,2026-01-29,1
6903,632,,巨漢,其他電子類,Unqualified,3,270.5,143.48166666666665,0.8852582792226651,0,0,3,11.756834040000001,6.027341174440374,505.0,0,0,2026-01-29,1
2073,633,,雄順,鋼鐵工業,Unqualified,3,26.1,13.631041666666668,0.914747283314738,0,0,3,1.7393454533333335,5.459833539904499,154.0,0,0,2026-01-29,1
8077,634,,洛碁,觀光餐旅,Unqualified,4,45.7,23.604375,0.9360817645034025,2,0,2,2.0,4.3478260869565215,48.0,0,0,2026-01-29,1
1802,635,,台玻,玻璃陶瓷,Unqualified,2,49.8,24.710416666666667,1.0153444060365904,0,0,2,1.1600000000000001,4.856274469400371,887.5,0,0,2026-01-29,1
2451,636,,創見,電子工業,Unqualified,3,259.0,127.6875,1.0283896231032794,0,0,3,4.528093026,5.194378315220492,160.2,0,0,2026-01-29,1
2449,637,,京元電子,半導體業,Unqualified,4,305.0,150.25333333333336,1.029905049250155,2,0,2,3.1,4.656005897415968,45.2,0,0,2026-01-29,1
3485,638,,敘豐,光電業,Unqualified,3,173.5,79.48916666666668,1.1826873682996633,0,0,3,3.9810533999999995,6.924937010549529,164.2,0,0,2026-01-29,1
5289,639,,宜鼎,電腦及週邊設備業,Unqualified,3,768.0,345.49791666666664,1.2228788162012556,1,0,2,10.315768492,4.15300520972092,91.8,0,0,2026-01-29,1
8131,640,,福懋科,電子工業,Unqualified,3,78.1,35.088125000000005,1.225824263906948,0,0,3,2.09,5.418907598027793,390.6,0,0,2026-01-29,1
8074,641,,鉅橡,電子零組件業,Unqualified,3,67.5,29.751458333333336,1.2687963475179787,0,0,3,1.1,5.030326770174045,207.6,0,0,2026-01-29,1
8021,642,,尖點,電子工業,Unqualified,3,221.0,84.38979166666667,1.6188001609594367,1,0,2,1.577371696,4.454137907564175,107.4,0,0,2026-01-29,1
3260,643,,威剛,半導體業,Unqualified,2,360.0,136.67041666666668,1.634074065040898,0,0,2,3.74814101,4.367687026672956,231.0,0,0,2026-01-29,1
2337,644,,旺宏,電子工業,Unqualified,4,92.1,28.185,2.2676955827567853,2,0,2,1.3250496725,4.003641618180864,40.75,0,0,2026-01-29,1
6457,645,,紘康,半導體業,Unqualified,6,62.1,,,3,0,3,6.0713143,6.271300638549821,21.5,0,0,2024-12-25,1
5277,646,,葳天,光電業,Unqualified,5,9.0,,,3,0,2,0.4,4.069175991861648,0.0,0,0,2025-07-23,1
2888,647,,新光金,金融保險,Unqualified,2,11.8,,,0,0,2,0.400230635,4.237563442631767,215.0,0,0,2025-07-11,1
2809,648,,京城銀,金融保險,Unqualified,2,56.6,,,0,0,2,2.0,4.3358424244343095,205.0,0,0,2025-09-17,1
7841,649,,經貿聯網,資訊服務業,Unqualified,5,30.0,,,3,0,2,2.0,4.531645569620253,6.0,0,0,2026-01-29,1
7848,650,,騏億鑫,其他電子業,Unqualified,6,394.5,,,3,0,3,16.5,5.238095238095238,1.0,0,0,2026-01-29,1
6965,651,,中傑-KY,運動休閒,Unqualified,6,84.1,,,3,0,3,6.0,5.911330049261084,21.0,0,0,2026-01-29,1
6887,652,,寶綠特-KY,綠能環保,Unqualified,3,62.5,,,0,0,3,3.96311412,5.016600151898734,,0,0,2026-01-29,1
